id,page_name,post_id,post_url,content,timestamp,likes,shares,comment_count,scraped_at
1,TechNews Mongolia,POST_0001,https://facebook.com/technewsmongolia/posts/1,Python 3.12 хувилбар гарлаа. Олон шинэ боломжууд нэмэгдсэн байна. #1,2026-05-08 05:42:00,766,164,66,2026-05-08 07:42:00
2,TechNews Mongolia,POST_0002,https://facebook.com/technewsmongolia/posts/2,Шинэ хиймэл оюун ухааны загвар танилцуулагдлаа. #2,2026-05-16 21:08:00,200,125,18,2026-05-16 23:08:00
3,Монголын хөгжүүлэгчид,POST_0003,https://facebook.com/монголынхөгжүүлэгчид/posts/3,Cybersecurity-д хэрэгтэй шинэ tool-ууд. #3,2026-05-12 04:21:00,32,104,29,2026-05-12 06:21:00
4,Мэдээллийн Технологи,POST_0004,https://facebook.com/мэдээллийнтехнологи/posts/4,Шинэ хиймэл оюун ухааны загвар танилцуулагдлаа. #4,2026-05-02 17:23:00,148,148,46,2026-05-02 19:23:00
5,TechNews Mongolia,POST_0005,https://facebook.com/technewsmongolia/posts/5,Cloud computing-ийн ирээдүй. #5,2026-05-01 14:21:00,29,59,30,2026-05-01 16:21:00
6,Мэдээллийн Технологи,POST_0006,https://facebook.com/мэдээллийнтехнологи/posts/6,Шинэ хиймэл оюун ухааны загвар танилцуулагдлаа. #6,2026-05-01 02:17:00,703,69,29,2026-05-01 04:17:00
7,TechNews Mongolia,POST_0007,https://facebook.com/technewsmongolia/posts/7,Python 3.12 хувилбар гарлаа. Олон шинэ боломжууд нэмэгдсэн байна. #7,2026-05-14 02:40:00,802,69,52,2026-05-14 04:40:00
8,Мэдээллийн Технологи,POST_0008,https://facebook.com/мэдээллийнтехнологи/posts/8,Машин сургалтын үндэс сургалт эхэллээ. #8,2026-05-07 10:16:00,308,6,75,2026-05-07 12:16:00
9,TechNews Mongolia,POST_0009,https://facebook.com/technewsmongolia/posts/9,Шинэ iPhone 16-ийн талаарх цуурхал ба баримтууд. #9,2026-05-17 03:42:00,815,0,57,2026-05-17 05:42:00
10,Мэдээллийн Технологи,POST_0010,https://facebook.com/мэдээллийнтехнологи/posts/10,Python 3.12 хувилбар гарлаа. Олон шинэ боломжууд нэмэгдсэн байна. #10,2026-05-10 00:06:00,585,19,87,2026-05-10 02:06:00
11,Монголын хөгжүүлэгчид,POST_0011,https://facebook.com/монголынхөгжүүлэгчид/posts/11,Шинэ хиймэл оюун ухааны загвар танилцуулагдлаа. #11,2026-05-12 18:59:00,436,111,82,2026-05-12 20:59:00
12,Мэдээллийн Технологи,POST_0012,https://facebook.com/мэдээллийнтехнологи/posts/12,Өгөгдлийн сангийн аюулгүй байдлын талаарх чухал зөвлөгөө. #12,2026-05-10 18:34:00,655,20,43,2026-05-10 20:34:00
13,AI & Data Science MN,POST_0013,https://facebook.com/ai&datasciencemn/posts/13,Python 3.12 хувилбар гарлаа. Олон шинэ боломжууд нэмэгдсэн байна. #13,2026-05-21 02:55:00,329,81,34,2026-05-21 04:55:00
14,Мэдээллийн Технологи,POST_0014,https://facebook.com/мэдээллийнтехнологи/posts/14,Tech event удахгүй болно. #14,2026-05-16 11:29:00,937,31,89,2026-05-16 13:29:00
15,Монголын хөгжүүлэгчид,POST_0015,https://facebook.com/монголынхөгжүүлэгчид/posts/15,Python 3.12 хувилбар гарлаа. Олон шинэ боломжууд нэмэгдсэн байна. #15,2026-05-11 20:00:00,795,34,37,2026-05-11 22:00:00
16,AI & Data Science MN,POST_0016,https://facebook.com/ai&datasciencemn/posts/16,Машин сургалтын үндэс сургалт эхэллээ. #16,2026-05-08 10:29:00,69,132,24,2026-05-08 12:29:00
17,TechNews Mongolia,POST_0017,https://facebook.com/technewsmongolia/posts/17,Шинэ хиймэл оюун ухааны загвар танилцуулагдлаа. #17,2026-05-21 09:14:00,712,110,15,2026-05-21 11:14:00
18,AI & Data Science MN,POST_0018,https://facebook.com/ai&datasciencemn/posts/18,Шинэ хиймэл оюун ухааны загвар танилцуулагдлаа. #18,2026-05-19 11:43:00,677,52,8,2026-05-19 13:43:00
19,Мэдээллийн Технологи,POST_0019,https://facebook.com/мэдээллийнтехнологи/posts/19,Cybersecurity-д хэрэгтэй шинэ tool-ууд. #19,2026-05-07 09:50:00,905,151,50,2026-05-07 11:50:00
20,AI & Data Science MN,POST_0020,https://facebook.com/ai&datasciencemn/posts/20,Tech event удахгүй болно. #20,2026-05-10 23:21:00,587,5,64,2026-05-11 01:21:00
21,TechNews Mongolia,POST_0021,https://facebook.com/technewsmongolia/posts/21,Tech event удахгүй болно. #21,2026-05-08 18:47:00,529,156,97,2026-05-08 20:47:00
22,TechNews Mongolia,POST_0022,https://facebook.com/technewsmongolia/posts/22,Tech event удахгүй болно. #22,2026-05-12 23:13:00,157,152,14,2026-05-13 01:13:00
23,AI & Data Science MN,POST_0023,https://facebook.com/ai&datasciencemn/posts/23,Javascript хөгжүүлэгчдэд зориулсан 5 зөвлөгөө. #23,2026-05-14 10:06:00,422,136,98,2026-05-14 12:06:00
24,AI & Data Science MN,POST_0024,https://facebook.com/ai&datasciencemn/posts/24,Python 3.12 хувилбар гарлаа. Олон шинэ боломжууд нэмэгдсэн байна. #24,2026-05-02 05:01:00,858,42,20,2026-05-02 07:01:00
25,AI & Data Science MN,POST_0025,https://facebook.com/ai&datasciencemn/posts/25,Python 3.12 хувилбар гарлаа. Олон шинэ боломжууд нэмэгдсэн байна. #25,2026-05-15 20:17:00,868,14,54,2026-05-15 22:17:00
26,Монголын хөгжүүлэгчид,POST_0026,https://facebook.com/монголынхөгжүүлэгчид/posts/26,Python 3.12 хувилбар гарлаа. Олон шинэ боломжууд нэмэгдсэн байна. #26,2026-05-16 08:31:00,155,67,31,2026-05-16 10:31:00
27,Монголын хөгжүүлэгчид,POST_0027,https://facebook.com/монголынхөгжүүлэгчид/posts/27,Шинэ iPhone 16-ийн талаарх цуурхал ба баримтууд. #27,2026-05-16 16:29:00,515,179,78,2026-05-16 18:29:00
28,AI & Data Science MN,POST_0028,https://facebook.com/ai&datasciencemn/posts/28,Javascript хөгжүүлэгчдэд зориулсан 5 зөвлөгөө. #28,2026-05-09 22:46:00,908,159,69,2026-05-10 00:46:00
29,TechNews Mongolia,POST_0029,https://facebook.com/technewsmongolia/posts/29,Cloud computing-ийн ирээдүй. #29,2026-05-18 21:02:00,855,59,19,2026-05-18 23:02:00
30,Мэдээллийн Технологи,POST_0030,https://facebook.com/мэдээллийнтехнологи/posts/30,Tech event удахгүй болно. #30,2026-05-13 11:14:00,214,38,54,2026-05-13 13:14:00
31,AI & Data Science MN,POST_0031,https://facebook.com/ai&datasciencemn/posts/31,Шинэ iPhone 16-ийн талаарх цуурхал ба баримтууд. #31,2026-05-10 10:44:00,409,42,37,2026-05-10 12:44:00
32,Монголын хөгжүүлэгчид,POST_0032,https://facebook.com/монголынхөгжүүлэгчид/posts/32,Шинэ iPhone 16-ийн талаарх цуурхал ба баримтууд. #32,2026-05-09 06:38:00,653,67,10,2026-05-09 08:38:00
33,Монголын хөгжүүлэгчид,POST_0033,https://facebook.com/монголынхөгжүүлэгчид/posts/33,Cloud computing-ийн ирээдүй. #33,2026-05-20 17:31:00,697,142,82,2026-05-20 19:31:00
34,Мэдээллийн Технологи,POST_0034,https://facebook.com/мэдээллийнтехнологи/posts/34,Өгөгдлийн сангийн аюулгүй байдлын талаарх чухал зөвлөгөө. #34,2026-05-17 09:25:00,978,47,95,2026-05-17 11:25:00
35,TechNews Mongolia,POST_0035,https://facebook.com/technewsmongolia/posts/35,React 19 хувилбарыг туршиж үзсэн хүн байна уу? #35,2026-05-01 09:11:00,630,22,91,2026-05-01 11:11:00
36,Монголын хөгжүүлэгчид,POST_0036,https://facebook.com/монголынхөгжүүлэгчид/posts/36,React 19 хувилбарыг туршиж үзсэн хүн байна уу? #36,2026-05-13 18:25:00,112,7,54,2026-05-13 20:25:00
37,AI & Data Science MN,POST_0037,https://facebook.com/ai&datasciencemn/posts/37,Tech event удахгүй болно. #37,2026-05-12 08:10:00,117,164,89,2026-05-12 10:10:00
38,TechNews Mongolia,POST_0038,https://facebook.com/technewsmongolia/posts/38,Машин сургалтын үндэс сургалт эхэллээ. #38,2026-05-03 22:43:00,794,18,85,2026-05-04 00:43:00
39,TechNews Mongolia,POST_0039,https://facebook.com/technewsmongolia/posts/39,Javascript хөгжүүлэгчдэд зориулсан 5 зөвлөгөө. #39,2026-05-04 11:48:00,804,144,18,2026-05-04 13:48:00
40,TechNews Mongolia,POST_0040,https://facebook.com/technewsmongolia/posts/40,React 19 хувилбарыг туршиж үзсэн хүн байна уу? #40,2026-05-18 06:52:00,319,51,40,2026-05-18 08:52:00
41,Мэдээллийн Технологи,POST_0041,https://facebook.com/мэдээллийнтехнологи/posts/41,Python 3.12 хувилбар гарлаа. Олон шинэ боломжууд нэмэгдсэн байна. #41,2026-05-06 02:01:00,328,72,81,2026-05-06 04:01:00
42,AI & Data Science MN,POST_0042,https://facebook.com/ai&datasciencemn/posts/42,Өгөгдлийн сангийн аюулгүй байдлын талаарх чухал зөвлөгөө. #42,2026-05-01 00:52:00,160,155,75,2026-05-01 02:52:00
43,Монголын хөгжүүлэгчид,POST_0043,https://facebook.com/монголынхөгжүүлэгчид/posts/43,Шинэ хиймэл оюун ухааны загвар танилцуулагдлаа. #43,2026-05-19 12:41:00,867,194,59,2026-05-19 14:41:00
44,Монголын хөгжүүлэгчид,POST_0044,https://facebook.com/монголынхөгжүүлэгчид/posts/44,React 19 хувилбарыг туршиж үзсэн хүн байна уу? #44,2026-05-08 01:29:00,704,144,99,2026-05-08 03:29:00
45,Монголын хөгжүүлэгчид,POST_0045,https://facebook.com/монголынхөгжүүлэгчид/posts/45,Javascript хөгжүүлэгчдэд зориулсан 5 зөвлөгөө. #45,2026-05-16 16:02:00,826,34,58,2026-05-16 18:02:00
46,AI & Data Science MN,POST_0046,https://facebook.com/ai&datasciencemn/posts/46,Tech event удахгүй болно. #46,2026-05-19 19:20:00,439,178,62,2026-05-19 21:20:00
47,AI & Data Science MN,POST_0047,https://facebook.com/ai&datasciencemn/posts/47,Cybersecurity-д хэрэгтэй шинэ tool-ууд. #47,2026-05-06 23:14:00,25,193,93,2026-05-07 01:14:00
48,Мэдээллийн Технологи,POST_0048,https://facebook.com/мэдээллийнтехнологи/posts/48,Cloud computing-ийн ирээдүй. #48,2026-05-16 14:02:00,619,117,85,2026-05-16 16:02:00
49,AI & Data Science MN,POST_0049,https://facebook.com/ai&datasciencemn/posts/49,Javascript хөгжүүлэгчдэд зориулсан 5 зөвлөгөө. #49,2026-05-04 10:22:00,374,158,23,2026-05-04 12:22:00
50,Монголын хөгжүүлэгчид,POST_0050,https://facebook.com/монголынхөгжүүлэгчид/posts/50,Машин сургалтын үндэс сургалт эхэллээ. #50,2026-05-06 02:06:00,293,189,91,2026-05-06 04:06:00
51,TechNews Mongolia,POST_0051,https://facebook.com/technewsmongolia/posts/51,Шинэ хиймэл оюун ухааны загвар танилцуулагдлаа. #51,2026-05-10 03:10:00,752,36,62,2026-05-10 05:10:00
52,Мэдээллийн Технологи,POST_0052,https://facebook.com/мэдээллийнтехнологи/posts/52,Өгөгдлийн сангийн аюулгүй байдлын талаарх чухал зөвлөгөө. #52,2026-05-18 19:26:00,872,57,38,2026-05-18 21:26:00
53,Монголын хөгжүүлэгчид,POST_0053,https://facebook.com/монголынхөгжүүлэгчид/posts/53,Python 3.12 хувилбар гарлаа. Олон шинэ боломжууд нэмэгдсэн байна. #53,2026-05-14 06:42:00,558,38,80,2026-05-14 08:42:00
54,TechNews Mongolia,POST_0054,https://facebook.com/technewsmongolia/posts/54,Tech event удахгүй болно. #54,2026-05-10 02:18:00,99,188,28,2026-05-10 04:18:00
55,Мэдээллийн Технологи,POST_0055,https://facebook.com/мэдээллийнтехнологи/posts/55,Өгөгдлийн сангийн аюулгүй байдлын талаарх чухал зөвлөгөө. #55,2026-05-02 08:50:00,800,24,14,2026-05-02 10:50:00
56,AI & Data Science MN,POST_0056,https://facebook.com/ai&datasciencemn/posts/56,Python 3.12 хувилбар гарлаа. Олон шинэ боломжууд нэмэгдсэн байна. #56,2026-05-20 17:49:00,905,0,98,2026-05-20 19:49:00
57,TechNews Mongolia,POST_0057,https://facebook.com/technewsmongolia/posts/57,Cybersecurity-д хэрэгтэй шинэ tool-ууд. #57,2026-05-15 15:35:00,160,194,25,2026-05-15 17:35:00
58,Монголын хөгжүүлэгчид,POST_0058,https://facebook.com/монголынхөгжүүлэгчид/posts/58,Javascript хөгжүүлэгчдэд зориулсан 5 зөвлөгөө. #58,2026-05-08 17:46:00,651,182,45,2026-05-08 19:46:00
59,Мэдээллийн Технологи,POST_0059,https://facebook.com/мэдээллийнтехнологи/posts/59,Өгөгдлийн сангийн аюулгүй байдлын талаарх чухал зөвлөгөө. #59,2026-05-01 08:30:00,642,80,99,2026-05-01 10:30:00
60,Монголын хөгжүүлэгчид,POST_0060,https://facebook.com/монголынхөгжүүлэгчид/posts/60,Машин сургалтын үндэс сургалт эхэллээ. #60,2026-05-18 01:02:00,642,52,65,2026-05-18 03:02:00
61,Мэдээллийн Технологи,POST_0061,https://facebook.com/мэдээллийнтехнологи/posts/61,Cloud computing-ийн ирээдүй. #61,2026-05-18 18:04:00,911,45,40,2026-05-18 20:04:00
62,AI & Data Science MN,POST_0062,https://facebook.com/ai&datasciencemn/posts/62,Cybersecurity-д хэрэгтэй шинэ tool-ууд. #62,2026-05-14 07:01:00,451,108,9,2026-05-14 09:01:00
63,AI & Data Science MN,POST_0063,https://facebook.com/ai&datasciencemn/posts/63,Шинэ iPhone 16-ийн талаарх цуурхал ба баримтууд. #63,2026-05-19 12:53:00,702,153,54,2026-05-19 14:53:00
64,TechNews Mongolia,POST_0064,https://facebook.com/technewsmongolia/posts/64,Cloud computing-ийн ирээдүй. #64,2026-05-10 12:30:00,700,163,88,2026-05-10 14:30:00
65,TechNews Mongolia,POST_0065,https://facebook.com/technewsmongolia/posts/65,Python 3.12 хувилбар гарлаа. Олон шинэ боломжууд нэмэгдсэн байна. #65,2026-05-20 02:28:00,558,6,25,2026-05-20 04:28:00
66,Монголын хөгжүүлэгчид,POST_0066,https://facebook.com/монголынхөгжүүлэгчид/posts/66,React 19 хувилбарыг туршиж үзсэн хүн байна уу? #66,2026-05-09 01:46:00,200,165,18,2026-05-09 03:46:00
67,TechNews Mongolia,POST_0067,https://facebook.com/technewsmongolia/posts/67,Cybersecurity-д хэрэгтэй шинэ tool-ууд. #67,2026-05-11 00:52:00,657,16,32,2026-05-11 02:52:00
68,Мэдээллийн Технологи,POST_0068,https://facebook.com/мэдээллийнтехнологи/posts/68,Tech event удахгүй болно. #68,2026-05-15 04:37:00,206,150,9,2026-05-15 06:37:00
69,Мэдээллийн Технологи,POST_0069,https://facebook.com/мэдээллийнтехнологи/posts/69,Машин сургалтын үндэс сургалт эхэллээ. #69,2026-05-04 17:19:00,325,34,63,2026-05-04 19:19:00
70,AI & Data Science MN,POST_0070,https://facebook.com/ai&datasciencemn/posts/70,Tech event удахгүй болно. #70,2026-05-03 12:48:00,326,96,14,2026-05-03 14:48:00
71,Монголын хөгжүүлэгчид,POST_0071,https://facebook.com/монголынхөгжүүлэгчид/posts/71,Python 3.12 хувилбар гарлаа. Олон шинэ боломжууд нэмэгдсэн байна. #71,2026-05-02 02:06:00,720,120,26,2026-05-02 04:06:00
72,AI & Data Science MN,POST_0072,https://facebook.com/ai&datasciencemn/posts/72,Өгөгдлийн сангийн аюулгүй байдлын талаарх чухал зөвлөгөө. #72,2026-05-13 05:39:00,952,4,69,2026-05-13 07:39:00
73,TechNews Mongolia,POST_0073,https://facebook.com/technewsmongolia/posts/73,Өгөгдлийн сангийн аюулгүй байдлын талаарх чухал зөвлөгөө. #73,2026-05-20 18:00:00,545,142,64,2026-05-20 20:00:00
74,Монголын хөгжүүлэгчид,POST_0074,https://facebook.com/монголынхөгжүүлэгчид/posts/74,Машин сургалтын үндэс сургалт эхэллээ. #74,2026-05-19 04:00:00,306,36,99,2026-05-19 06:00:00
75,TechNews Mongolia,POST_0075,https://facebook.com/technewsmongolia/posts/75,Tech event удахгүй болно. #75,2026-05-03 05:06:00,961,172,0,2026-05-03 07:06:00
76,Монголын хөгжүүлэгчид,POST_0076,https://facebook.com/монголынхөгжүүлэгчид/posts/76,Машин сургалтын үндэс сургалт эхэллээ. #76,2026-05-05 07:11:00,736,62,46,2026-05-05 09:11:00
77,Монголын хөгжүүлэгчид,POST_0077,https://facebook.com/монголынхөгжүүлэгчид/posts/77,Cybersecurity-д хэрэгтэй шинэ tool-ууд. #77,2026-05-07 19:50:00,332,139,71,2026-05-07 21:50:00
78,AI & Data Science MN,POST_0078,https://facebook.com/ai&datasciencemn/posts/78,Шинэ iPhone 16-ийн талаарх цуурхал ба баримтууд. #78,2026-05-08 07:23:00,804,175,89,2026-05-08 09:23:00
79,Монголын хөгжүүлэгчид,POST_0079,https://facebook.com/монголынхөгжүүлэгчид/posts/79,Tech event удахгүй болно. #79,2026-05-13 17:17:00,653,64,15,2026-05-13 19:17:00
80,Мэдээллийн Технологи,POST_0080,https://facebook.com/мэдээллийнтехнологи/posts/80,Өгөгдлийн сангийн аюулгүй байдлын талаарх чухал зөвлөгөө. #80,2026-05-17 22:49:00,712,118,36,2026-05-18 00:49:00
81,AI & Data Science MN,POST_0081,https://facebook.com/ai&datasciencemn/posts/81,Tech event удахгүй болно. #81,2026-05-08 18:23:00,181,26,100,2026-05-08 20:23:00
82,TechNews Mongolia,POST_0082,https://facebook.com/technewsmongolia/posts/82,React 19 хувилбарыг туршиж үзсэн хүн байна уу? #82,2026-05-08 11:25:00,907,76,60,2026-05-08 13:25:00
83,Монголын хөгжүүлэгчид,POST_0083,https://facebook.com/монголынхөгжүүлэгчид/posts/83,Шинэ iPhone 16-ийн талаарх цуурхал ба баримтууд. #83,2026-05-13 20:07:00,294,200,0,2026-05-13 22:07:00
84,Мэдээллийн Технологи,POST_0084,https://facebook.com/мэдээллийнтехнологи/posts/84,React 19 хувилбарыг туршиж үзсэн хүн байна уу? #84,2026-05-11 06:40:00,463,85,70,2026-05-11 08:40:00
85,TechNews Mongolia,POST_0085,https://facebook.com/technewsmongolia/posts/85,Өгөгдлийн сангийн аюулгүй байдлын талаарх чухал зөвлөгөө. #85,2026-05-10 02:30:00,747,62,58,2026-05-10 04:30:00
86,AI & Data Science MN,POST_0086,https://facebook.com/ai&datasciencemn/posts/86,Cybersecurity-д хэрэгтэй шинэ tool-ууд. #86,2026-05-13 17:07:00,285,29,56,2026-05-13 19:07:00
87,AI & Data Science MN,POST_0087,https://facebook.com/ai&datasciencemn/posts/87,Өгөгдлийн сангийн аюулгүй байдлын талаарх чухал зөвлөгөө. #87,2026-05-03 13:59:00,564,23,88,2026-05-03 15:59:00
88,Монголын хөгжүүлэгчид,POST_0088,https://facebook.com/монголынхөгжүүлэгчид/posts/88,Cloud computing-ийн ирээдүй. #88,2026-05-02 19:47:00,785,119,83,2026-05-02 21:47:00
89,Монголын хөгжүүлэгчид,POST_0089,https://facebook.com/монголынхөгжүүлэгчид/posts/89,Шинэ хиймэл оюун ухааны загвар танилцуулагдлаа. #89,2026-05-03 22:11:00,721,136,34,2026-05-04 00:11:00
90,Мэдээллийн Технологи,POST_0090,https://facebook.com/мэдээллийнтехнологи/posts/90,Python 3.12 хувилбар гарлаа. Олон шинэ боломжууд нэмэгдсэн байна. #90,2026-05-19 04:22:00,167,56,27,2026-05-19 06:22:00
91,TechNews Mongolia,POST_0091,https://facebook.com/technewsmongolia/posts/91,Машин сургалтын үндэс сургалт эхэллээ. #91,2026-05-11 00:43:00,985,58,79,2026-05-11 02:43:00
92,Монголын хөгжүүлэгчид,POST_0092,https://facebook.com/монголынхөгжүүлэгчид/posts/92,Tech event удахгүй болно. #92,2026-05-14 22:00:00,848,133,45,2026-05-15 00:00:00
93,TechNews Mongolia,POST_0093,https://facebook.com/technewsmongolia/posts/93,Шинэ хиймэл оюун ухааны загвар танилцуулагдлаа. #93,2026-05-13 10:09:00,875,106,47,2026-05-13 12:09:00
94,AI & Data Science MN,POST_0094,https://facebook.com/ai&datasciencemn/posts/94,Cloud computing-ийн ирээдүй. #94,2026-05-11 08:33:00,809,79,53,2026-05-11 10:33:00
95,Монголын хөгжүүлэгчид,POST_0095,https://facebook.com/монголынхөгжүүлэгчид/posts/95,Шинэ хиймэл оюун ухааны загвар танилцуулагдлаа. #95,2026-05-20 23:30:00,638,134,10,2026-05-21 01:30:00
96,AI & Data Science MN,POST_0096,https://facebook.com/ai&datasciencemn/posts/96,Tech event удахгүй болно. #96,2026-05-07 12:08:00,248,124,94,2026-05-07 14:08:00
97,Монголын хөгжүүлэгчид,POST_0097,https://facebook.com/монголынхөгжүүлэгчид/posts/97,Шинэ хиймэл оюун ухааны загвар танилцуулагдлаа. #97,2026-05-20 20:20:00,82,3,95,2026-05-20 22:20:00
98,TechNews Mongolia,POST_0098,https://facebook.com/technewsmongolia/posts/98,Шинэ хиймэл оюун ухааны загвар танилцуулагдлаа. #98,2026-05-09 00:05:00,440,55,73,2026-05-09 02:05:00
99,Монголын хөгжүүлэгчид,POST_0099,https://facebook.com/монголынхөгжүүлэгчид/posts/99,Cloud computing-ийн ирээдүй. #99,2026-05-04 04:39:00,523,14,62,2026-05-04 06:39:00
100,AI & Data Science MN,POST_0100,https://facebook.com/ai&datasciencemn/posts/100,Шинэ iPhone 16-ийн талаарх цуурхал ба баримтууд. #100,2026-05-16 08:41:00,625,117,83,2026-05-16 10:41:00
101,Мэдээллийн Технологи,POST_0101,https://facebook.com/мэдээллийнтехнологи/posts/101,Машин сургалтын үндэс сургалт эхэллээ. #101,2026-05-01 00:57:00,724,87,67,2026-05-01 02:57:00
102,Мэдээллийн Технологи,POST_0102,https://facebook.com/мэдээллийнтехнологи/posts/102,Javascript хөгжүүлэгчдэд зориулсан 5 зөвлөгөө. #102,2026-05-19 09:40:00,854,101,80,2026-05-19 11:40:00
103,Мэдээллийн Технологи,POST_0103,https://facebook.com/мэдээллийнтехнологи/posts/103,Javascript хөгжүүлэгчдэд зориулсан 5 зөвлөгөө. #103,2026-05-04 03:33:00,980,162,56,2026-05-04 05:33:00
104,Монголын хөгжүүлэгчид,POST_0104,https://facebook.com/монголынхөгжүүлэгчид/posts/104,Машин сургалтын үндэс сургалт эхэллээ. #104,2026-05-03 01:58:00,840,191,1,2026-05-03 03:58:00
105,TechNews Mongolia,POST_0105,https://facebook.com/technewsmongolia/posts/105,Cloud computing-ийн ирээдүй. #105,2026-05-13 10:19:00,922,199,62,2026-05-13 12:19:00
106,AI & Data Science MN,POST_0106,https://facebook.com/ai&datasciencemn/posts/106,Шинэ хиймэл оюун ухааны загвар танилцуулагдлаа. #106,2026-05-03 05:18:00,336,138,96,2026-05-03 07:18:00
107,AI & Data Science MN,POST_0107,https://facebook.com/ai&datasciencemn/posts/107,Шинэ iPhone 16-ийн талаарх цуурхал ба баримтууд. #107,2026-05-09 19:30:00,995,16,12,2026-05-09 21:30:00
108,Монголын хөгжүүлэгчид,POST_0108,https://facebook.com/монголынхөгжүүлэгчид/posts/108,Cloud computing-ийн ирээдүй. #108,2026-05-20 19:19:00,982,29,90,2026-05-20 21:19:00
109,Монголын хөгжүүлэгчид,POST_0109,https://facebook.com/монголынхөгжүүлэгчид/posts/109,React 19 хувилбарыг туршиж үзсэн хүн байна уу? #109,2026-05-03 16:27:00,964,72,11,2026-05-03 18:27:00
110,TechNews Mongolia,POST_0110,https://facebook.com/technewsmongolia/posts/110,Cloud computing-ийн ирээдүй. #110,2026-05-07 00:03:00,239,82,62,2026-05-07 02:03:00
111,TechNews Mongolia,POST_0111,https://facebook.com/technewsmongolia/posts/111,Tech event удахгүй болно. #111,2026-05-08 00:40:00,809,188,14,2026-05-08 02:40:00
112,AI & Data Science MN,POST_0112,https://facebook.com/ai&datasciencemn/posts/112,Python 3.12 хувилбар гарлаа. Олон шинэ боломжууд нэмэгдсэн байна. #112,2026-05-17 04:12:00,93,195,26,2026-05-17 06:12:00
113,AI & Data Science MN,POST_0113,https://facebook.com/ai&datasciencemn/posts/113,Cybersecurity-д хэрэгтэй шинэ tool-ууд. #113,2026-05-19 10:40:00,48,68,23,2026-05-19 12:40:00
114,Монголын хөгжүүлэгчид,POST_0114,https://facebook.com/монголынхөгжүүлэгчид/posts/114,Cybersecurity-д хэрэгтэй шинэ tool-ууд. #114,2026-05-02 13:12:00,284,185,49,2026-05-02 15:12:00
115,Мэдээллийн Технологи,POST_0115,https://facebook.com/мэдээллийнтехнологи/posts/115,React 19 хувилбарыг туршиж үзсэн хүн байна уу? #115,2026-05-04 15:45:00,720,80,78,2026-05-04 17:45:00
116,TechNews Mongolia,POST_0116,https://facebook.com/technewsmongolia/posts/116,Шинэ хиймэл оюун ухааны загвар танилцуулагдлаа. #116,2026-05-15 11:28:00,194,139,85,2026-05-15 13:28:00
117,AI & Data Science MN,POST_0117,https://facebook.com/ai&datasciencemn/posts/117,Шинэ хиймэл оюун ухааны загвар танилцуулагдлаа. #117,2026-05-09 01:14:00,618,107,63,2026-05-09 03:14:00
118,Монголын хөгжүүлэгчид,POST_0118,https://facebook.com/монголынхөгжүүлэгчид/posts/118,Машин сургалтын үндэс сургалт эхэллээ. #118,2026-05-15 15:32:00,346,182,19,2026-05-15 17:32:00
119,Мэдээллийн Технологи,POST_0119,https://facebook.com/мэдээллийнтехнологи/posts/119,React 19 хувилбарыг туршиж үзсэн хүн байна уу? #119,2026-05-15 12:34:00,856,47,70,2026-05-15 14:34:00
120,Монголын хөгжүүлэгчид,POST_0120,https://facebook.com/монголынхөгжүүлэгчид/posts/120,Cybersecurity-д хэрэгтэй шинэ tool-ууд. #120,2026-05-19 11:09:00,742,145,69,2026-05-19 13:09:00
121,Монголын хөгжүүлэгчид,POST_0121,https://facebook.com/монголынхөгжүүлэгчид/posts/121,Шинэ iPhone 16-ийн талаарх цуурхал ба баримтууд. #121,2026-05-17 21:08:00,378,194,95,2026-05-17 23:08:00
122,Мэдээллийн Технологи,POST_0122,https://facebook.com/мэдээллийнтехнологи/posts/122,Машин сургалтын үндэс сургалт эхэллээ. #122,2026-05-15 04:58:00,813,29,69,2026-05-15 06:58:00
123,TechNews Mongolia,POST_0123,https://facebook.com/technewsmongolia/posts/123,Cybersecurity-д хэрэгтэй шинэ tool-ууд. #123,2026-05-05 07:08:00,621,57,56,2026-05-05 09:08:00
124,AI & Data Science MN,POST_0124,https://facebook.com/ai&datasciencemn/posts/124,Javascript хөгжүүлэгчдэд зориулсан 5 зөвлөгөө. #124,2026-05-06 08:31:00,203,88,40,2026-05-06 10:31:00
125,TechNews Mongolia,POST_0125,https://facebook.com/technewsmongolia/posts/125,Шинэ iPhone 16-ийн талаарх цуурхал ба баримтууд. #125,2026-05-17 04:39:00,493,183,7,2026-05-17 06:39:00
126,TechNews Mongolia,POST_0126,https://facebook.com/technewsmongolia/posts/126,Cybersecurity-д хэрэгтэй шинэ tool-ууд. #126,2026-05-16 11:23:00,395,34,78,2026-05-16 13:23:00
127,Монголын хөгжүүлэгчид,POST_0127,https://facebook.com/монголынхөгжүүлэгчид/posts/127,Tech event удахгүй болно. #127,2026-05-12 13:59:00,233,174,71,2026-05-12 15:59:00
128,AI & Data Science MN,POST_0128,https://facebook.com/ai&datasciencemn/posts/128,React 19 хувилбарыг туршиж үзсэн хүн байна уу? #128,2026-05-03 16:39:00,723,161,54,2026-05-03 18:39:00
129,AI & Data Science MN,POST_0129,https://facebook.com/ai&datasciencemn/posts/129,React 19 хувилбарыг туршиж үзсэн хүн байна уу? #129,2026-05-13 09:12:00,987,50,45,2026-05-13 11:12:00
130,Монголын хөгжүүлэгчид,POST_0130,https://facebook.com/монголынхөгжүүлэгчид/posts/130,Өгөгдлийн сангийн аюулгүй байдлын талаарх чухал зөвлөгөө. #130,2026-05-11 08:53:00,796,184,36,2026-05-11 10:53:00
131,Монголын хөгжүүлэгчид,POST_0131,https://facebook.com/монголынхөгжүүлэгчид/posts/131,Cybersecurity-д хэрэгтэй шинэ tool-ууд. #131,2026-05-07 13:50:00,125,48,2,2026-05-07 15:50:00
132,Монголын хөгжүүлэгчид,POST_0132,https://facebook.com/монголынхөгжүүлэгчид/posts/132,Шинэ хиймэл оюун ухааны загвар танилцуулагдлаа. #132,2026-05-13 08:51:00,952,43,19,2026-05-13 10:51:00
133,Монголын хөгжүүлэгчид,POST_0133,https://facebook.com/монголынхөгжүүлэгчид/posts/133,Шинэ iPhone 16-ийн талаарх цуурхал ба баримтууд. #133,2026-05-15 13:41:00,695,85,9,2026-05-15 15:41:00
134,Мэдээллийн Технологи,POST_0134,https://facebook.com/мэдээллийнтехнологи/posts/134,Машин сургалтын үндэс сургалт эхэллээ. #134,2026-05-15 19:16:00,174,44,58,2026-05-15 21:16:00
135,AI & Data Science MN,POST_0135,https://facebook.com/ai&datasciencemn/posts/135,Шинэ хиймэл оюун ухааны загвар танилцуулагдлаа. #135,2026-05-13 06:50:00,565,198,90,2026-05-13 08:50:00
136,Мэдээллийн Технологи,POST_0136,https://facebook.com/мэдээллийнтехнологи/posts/136,Шинэ iPhone 16-ийн талаарх цуурхал ба баримтууд. #136,2026-05-02 12:57:00,883,68,40,2026-05-02 14:57:00
137,AI & Data Science MN,POST_0137,https://facebook.com/ai&datasciencemn/posts/137,Cloud computing-ийн ирээдүй. #137,2026-05-06 10:23:00,749,55,57,2026-05-06 12:23:00
138,TechNews Mongolia,POST_0138,https://facebook.com/technewsmongolia/posts/138,Python 3.12 хувилбар гарлаа. Олон шинэ боломжууд нэмэгдсэн байна. #138,2026-05-19 11:52:00,570,65,34,2026-05-19 13:52:00
139,Мэдээллийн Технологи,POST_0139,https://facebook.com/мэдээллийнтехнологи/posts/139,Шинэ хиймэл оюун ухааны загвар танилцуулагдлаа. #139,2026-05-20 06:55:00,728,18,67,2026-05-20 08:55:00
140,AI & Data Science MN,POST_0140,https://facebook.com/ai&datasciencemn/posts/140,Шинэ хиймэл оюун ухааны загвар танилцуулагдлаа. #140,2026-05-14 08:28:00,255,156,94,2026-05-14 10:28:00
141,Монголын хөгжүүлэгчид,POST_0141,https://facebook.com/монголынхөгжүүлэгчид/posts/141,Cloud computing-ийн ирээдүй. #141,2026-05-01 14:39:00,900,120,66,2026-05-01 16:39:00
142,TechNews Mongolia,POST_0142,https://facebook.com/technewsmongolia/posts/142,Cloud computing-ийн ирээдүй. #142,2026-05-06 04:38:00,346,110,48,2026-05-06 06:38:00
143,TechNews Mongolia,POST_0143,https://facebook.com/technewsmongolia/posts/143,Python 3.12 хувилбар гарлаа. Олон шинэ боломжууд нэмэгдсэн байна. #143,2026-05-12 04:54:00,784,103,54,2026-05-12 06:54:00
144,Монголын хөгжүүлэгчид,POST_0144,https://facebook.com/монголынхөгжүүлэгчид/posts/144,Cybersecurity-д хэрэгтэй шинэ tool-ууд. #144,2026-05-01 07:15:00,68,98,99,2026-05-01 09:15:00
145,Монголын хөгжүүлэгчид,POST_0145,https://facebook.com/монголынхөгжүүлэгчид/posts/145,Python 3.12 хувилбар гарлаа. Олон шинэ боломжууд нэмэгдсэн байна. #145,2026-05-02 21:41:00,988,93,69,2026-05-02 23:41:00
146,Мэдээллийн Технологи,POST_0146,https://facebook.com/мэдээллийнтехнологи/posts/146,Cybersecurity-д хэрэгтэй шинэ tool-ууд. #146,2026-05-16 20:28:00,911,200,66,2026-05-16 22:28:00
147,Монголын хөгжүүлэгчид,POST_0147,https://facebook.com/монголынхөгжүүлэгчид/posts/147,Машин сургалтын үндэс сургалт эхэллээ. #147,2026-05-05 02:42:00,754,112,41,2026-05-05 04:42:00
148,AI & Data Science MN,POST_0148,https://facebook.com/ai&datasciencemn/posts/148,Cybersecurity-д хэрэгтэй шинэ tool-ууд. #148,2026-05-20 18:05:00,301,51,51,2026-05-20 20:05:00
149,Монголын хөгжүүлэгчид,POST_0149,https://facebook.com/монголынхөгжүүлэгчид/posts/149,Шинэ iPhone 16-ийн талаарх цуурхал ба баримтууд. #149,2026-05-18 10:25:00,428,115,5,2026-05-18 12:25:00
150,Монголын хөгжүүлэгчид,POST_0150,https://facebook.com/монголынхөгжүүлэгчид/posts/150,Шинэ хиймэл оюун ухааны загвар танилцуулагдлаа. #150,2026-05-13 11:25:00,565,188,25,2026-05-13 13:25:00
151,AI & Data Science MN,POST_0151,https://facebook.com/ai&datasciencemn/posts/151,Cybersecurity-д хэрэгтэй шинэ tool-ууд. #151,2026-05-06 21:12:00,529,160,81,2026-05-06 23:12:00
152,AI & Data Science MN,POST_0152,https://facebook.com/ai&datasciencemn/posts/152,Машин сургалтын үндэс сургалт эхэллээ. #152,2026-05-20 10:26:00,113,107,4,2026-05-20 12:26:00
153,Мэдээллийн Технологи,POST_0153,https://facebook.com/мэдээллийнтехнологи/posts/153,Cloud computing-ийн ирээдүй. #153,2026-05-07 03:39:00,803,182,33,2026-05-07 05:39:00
154,Монголын хөгжүүлэгчид,POST_0154,https://facebook.com/монголынхөгжүүлэгчид/posts/154,Cloud computing-ийн ирээдүй. #154,2026-05-06 09:23:00,347,12,44,2026-05-06 11:23:00
155,AI & Data Science MN,POST_0155,https://facebook.com/ai&datasciencemn/posts/155,Javascript хөгжүүлэгчдэд зориулсан 5 зөвлөгөө. #155,2026-05-16 16:32:00,532,163,90,2026-05-16 18:32:00
156,Монголын хөгжүүлэгчид,POST_0156,https://facebook.com/монголынхөгжүүлэгчид/posts/156,Машин сургалтын үндэс сургалт эхэллээ. #156,2026-05-15 12:57:00,617,87,32,2026-05-15 14:57:00
157,Мэдээллийн Технологи,POST_0157,https://facebook.com/мэдээллийнтехнологи/posts/157,Шинэ хиймэл оюун ухааны загвар танилцуулагдлаа. #157,2026-05-20 00:44:00,32,74,92,2026-05-20 02:44:00
158,TechNews Mongolia,POST_0158,https://facebook.com/technewsmongolia/posts/158,Шинэ хиймэл оюун ухааны загвар танилцуулагдлаа. #158,2026-05-09 21:01:00,547,72,90,2026-05-09 23:01:00
159,AI & Data Science MN,POST_0159,https://facebook.com/ai&datasciencemn/posts/159,Өгөгдлийн сангийн аюулгүй байдлын талаарх чухал зөвлөгөө. #159,2026-05-16 06:55:00,658,67,5,2026-05-16 08:55:00
160,AI & Data Science MN,POST_0160,https://facebook.com/ai&datasciencemn/posts/160,Cybersecurity-д хэрэгтэй шинэ tool-ууд. #160,2026-05-01 04:40:00,780,9,3,2026-05-01 06:40:00
161,Мэдээллийн Технологи,POST_0161,https://facebook.com/мэдээллийнтехнологи/posts/161,Өгөгдлийн сангийн аюулгүй байдлын талаарх чухал зөвлөгөө. #161,2026-05-14 13:43:00,12,82,37,2026-05-14 15:43:00
162,AI & Data Science MN,POST_0162,https://facebook.com/ai&datasciencemn/posts/162,Cloud computing-ийн ирээдүй. #162,2026-05-08 07:58:00,61,137,100,2026-05-08 09:58:00
163,AI & Data Science MN,POST_0163,https://facebook.com/ai&datasciencemn/posts/163,Шинэ хиймэл оюун ухааны загвар танилцуулагдлаа. #163,2026-05-18 00:43:00,879,11,61,2026-05-18 02:43:00
164,AI & Data Science MN,POST_0164,https://facebook.com/ai&datasciencemn/posts/164,Өгөгдлийн сангийн аюулгүй байдлын талаарх чухал зөвлөгөө. #164,2026-05-16 00:33:00,683,32,25,2026-05-16 02:33:00
165,Монголын хөгжүүлэгчид,POST_0165,https://facebook.com/монголынхөгжүүлэгчид/posts/165,React 19 хувилбарыг туршиж үзсэн хүн байна уу? #165,2026-05-03 16:27:00,666,129,50,2026-05-03 18:27:00
166,TechNews Mongolia,POST_0166,https://facebook.com/technewsmongolia/posts/166,Javascript хөгжүүлэгчдэд зориулсан 5 зөвлөгөө. #166,2026-05-02 20:04:00,261,136,95,2026-05-02 22:04:00
167,Монголын хөгжүүлэгчид,POST_0167,https://facebook.com/монголынхөгжүүлэгчид/posts/167,Шинэ iPhone 16-ийн талаарх цуурхал ба баримтууд. #167,2026-05-02 06:53:00,992,183,39,2026-05-02 08:53:00
168,Мэдээллийн Технологи,POST_0168,https://facebook.com/мэдээллийнтехнологи/posts/168,Javascript хөгжүүлэгчдэд зориулсан 5 зөвлөгөө. #168,2026-05-02 06:36:00,896,179,31,2026-05-02 08:36:00
169,AI & Data Science MN,POST_0169,https://facebook.com/ai&datasciencemn/posts/169,Cybersecurity-д хэрэгтэй шинэ tool-ууд. #169,2026-05-17 07:33:00,294,102,0,2026-05-17 09:33:00
170,Монголын хөгжүүлэгчид,POST_0170,https://facebook.com/монголынхөгжүүлэгчид/posts/170,Tech event удахгүй болно. #170,2026-05-10 11:18:00,614,171,58,2026-05-10 13:18:00
171,AI & Data Science MN,POST_0171,https://facebook.com/ai&datasciencemn/posts/171,Шинэ хиймэл оюун ухааны загвар танилцуулагдлаа. #171,2026-05-02 04:56:00,39,166,36,2026-05-02 06:56:00
172,Монголын хөгжүүлэгчид,POST_0172,https://facebook.com/монголынхөгжүүлэгчид/posts/172,Cybersecurity-д хэрэгтэй шинэ tool-ууд. #172,2026-05-18 07:40:00,43,191,52,2026-05-18 09:40:00
173,TechNews Mongolia,POST_0173,https://facebook.com/technewsmongolia/posts/173,Өгөгдлийн сангийн аюулгүй байдлын талаарх чухал зөвлөгөө. #173,2026-05-12 16:58:00,879,154,5,2026-05-12 18:58:00
174,TechNews Mongolia,POST_0174,https://facebook.com/technewsmongolia/posts/174,Python 3.12 хувилбар гарлаа. Олон шинэ боломжууд нэмэгдсэн байна. #174,2026-05-17 17:05:00,364,170,37,2026-05-17 19:05:00
175,Монголын хөгжүүлэгчид,POST_0175,https://facebook.com/монголынхөгжүүлэгчид/posts/175,Tech event удахгүй болно. #175,2026-05-13 01:29:00,753,139,29,2026-05-13 03:29:00
176,Мэдээллийн Технологи,POST_0176,https://facebook.com/мэдээллийнтехнологи/posts/176,Python 3.12 хувилбар гарлаа. Олон шинэ боломжууд нэмэгдсэн байна. #176,2026-05-06 02:37:00,327,39,25,2026-05-06 04:37:00
177,AI & Data Science MN,POST_0177,https://facebook.com/ai&datasciencemn/posts/177,React 19 хувилбарыг туршиж үзсэн хүн байна уу? #177,2026-05-14 14:14:00,33,77,4,2026-05-14 16:14:00
178,Монголын хөгжүүлэгчид,POST_0178,https://facebook.com/монголынхөгжүүлэгчид/posts/178,Машин сургалтын үндэс сургалт эхэллээ. #178,2026-05-10 09:02:00,665,149,18,2026-05-10 11:02:00
179,TechNews Mongolia,POST_0179,https://facebook.com/technewsmongolia/posts/179,Шинэ iPhone 16-ийн талаарх цуурхал ба баримтууд. #179,2026-05-15 13:06:00,719,87,83,2026-05-15 15:06:00
180,TechNews Mongolia,POST_0180,https://facebook.com/technewsmongolia/posts/180,React 19 хувилбарыг туршиж үзсэн хүн байна уу? #180,2026-05-02 04:35:00,466,8,17,2026-05-02 06:35:00
181,TechNews Mongolia,POST_0181,https://facebook.com/technewsmongolia/posts/181,Cybersecurity-д хэрэгтэй шинэ tool-ууд. #181,2026-05-07 06:47:00,914,88,25,2026-05-07 08:47:00
182,Мэдээллийн Технологи,POST_0182,https://facebook.com/мэдээллийнтехнологи/posts/182,React 19 хувилбарыг туршиж үзсэн хүн байна уу? #182,2026-05-11 05:58:00,278,86,47,2026-05-11 07:58:00
183,Монголын хөгжүүлэгчид,POST_0183,https://facebook.com/монголынхөгжүүлэгчид/posts/183,Өгөгдлийн сангийн аюулгүй байдлын талаарх чухал зөвлөгөө. #183,2026-05-04 23:34:00,300,37,47,2026-05-05 01:34:00
184,Монголын хөгжүүлэгчид,POST_0184,https://facebook.com/монголынхөгжүүлэгчид/posts/184,Cloud computing-ийн ирээдүй. #184,2026-05-08 18:52:00,893,6,32,2026-05-08 20:52:00
185,Мэдээллийн Технологи,POST_0185,https://facebook.com/мэдээллийнтехнологи/posts/185,Javascript хөгжүүлэгчдэд зориулсан 5 зөвлөгөө. #185,2026-05-08 19:40:00,353,36,63,2026-05-08 21:40:00
186,AI & Data Science MN,POST_0186,https://facebook.com/ai&datasciencemn/posts/186,React 19 хувилбарыг туршиж үзсэн хүн байна уу? #186,2026-05-19 00:51:00,163,66,96,2026-05-19 02:51:00
187,Монголын хөгжүүлэгчид,POST_0187,https://facebook.com/монголынхөгжүүлэгчид/posts/187,Шинэ хиймэл оюун ухааны загвар танилцуулагдлаа. #187,2026-05-15 06:25:00,544,171,56,2026-05-15 08:25:00
188,AI & Data Science MN,POST_0188,https://facebook.com/ai&datasciencemn/posts/188,Cybersecurity-д хэрэгтэй шинэ tool-ууд. #188,2026-05-16 00:54:00,793,151,53,2026-05-16 02:54:00
189,AI & Data Science MN,POST_0189,https://facebook.com/ai&datasciencemn/posts/189,Tech event удахгүй болно. #189,2026-05-11 07:59:00,381,67,27,2026-05-11 09:59:00
190,AI & Data Science MN,POST_0190,https://facebook.com/ai&datasciencemn/posts/190,Javascript хөгжүүлэгчдэд зориулсан 5 зөвлөгөө. #190,2026-05-20 21:20:00,940,175,59,2026-05-20 23:20:00
191,Мэдээллийн Технологи,POST_0191,https://facebook.com/мэдээллийнтехнологи/posts/191,Javascript хөгжүүлэгчдэд зориулсан 5 зөвлөгөө. #191,2026-05-20 04:29:00,857,168,20,2026-05-20 06:29:00
192,TechNews Mongolia,POST_0192,https://facebook.com/technewsmongolia/posts/192,Javascript хөгжүүлэгчдэд зориулсан 5 зөвлөгөө. #192,2026-05-12 08:09:00,14,20,28,2026-05-12 10:09:00
193,Мэдээллийн Технологи,POST_0193,https://facebook.com/мэдээллийнтехнологи/posts/193,React 19 хувилбарыг туршиж үзсэн хүн байна уу? #193,2026-05-04 20:20:00,28,192,53,2026-05-04 22:20:00
194,Монголын хөгжүүлэгчид,POST_0194,https://facebook.com/монголынхөгжүүлэгчид/posts/194,Cybersecurity-д хэрэгтэй шинэ tool-ууд. #194,2026-05-15 12:42:00,166,106,14,2026-05-15 14:42:00
195,Монголын хөгжүүлэгчид,POST_0195,https://facebook.com/монголынхөгжүүлэгчид/posts/195,Өгөгдлийн сангийн аюулгүй байдлын талаарх чухал зөвлөгөө. #195,2026-05-06 15:03:00,652,193,85,2026-05-06 17:03:00
196,Мэдээллийн Технологи,POST_0196,https://facebook.com/мэдээллийнтехнологи/posts/196,Javascript хөгжүүлэгчдэд зориулсан 5 зөвлөгөө. #196,2026-05-13 11:18:00,85,40,9,2026-05-13 13:18:00
197,Мэдээллийн Технологи,POST_0197,https://facebook.com/мэдээллийнтехнологи/posts/197,Шинэ хиймэл оюун ухааны загвар танилцуулагдлаа. #197,2026-05-06 11:39:00,976,123,14,2026-05-06 13:39:00
198,TechNews Mongolia,POST_0198,https://facebook.com/technewsmongolia/posts/198,Өгөгдлийн сангийн аюулгүй байдлын талаарх чухал зөвлөгөө. #198,2026-05-16 00:22:00,538,106,99,2026-05-16 02:22:00
199,TechNews Mongolia,POST_0199,https://facebook.com/technewsmongolia/posts/199,Javascript хөгжүүлэгчдэд зориулсан 5 зөвлөгөө. #199,2026-05-10 08:37:00,940,87,21,2026-05-10 10:37:00
200,Монголын хөгжүүлэгчид,POST_0200,https://facebook.com/монголынхөгжүүлэгчид/posts/200,Шинэ хиймэл оюун ухааны загвар танилцуулагдлаа. #200,2026-05-13 01:59:00,787,168,21,2026-05-13 03:59:00
201,AI & Data Science MN,POST_0201,https://facebook.com/ai&datasciencemn/posts/201,Javascript хөгжүүлэгчдэд зориулсан 5 зөвлөгөө. #201,2026-05-11 09:11:00,939,105,62,2026-05-11 11:11:00
202,TechNews Mongolia,POST_0202,https://facebook.com/technewsmongolia/posts/202,Cloud computing-ийн ирээдүй. #202,2026-05-12 14:49:00,970,41,53,2026-05-12 16:49:00
203,AI & Data Science MN,POST_0203,https://facebook.com/ai&datasciencemn/posts/203,Python 3.12 хувилбар гарлаа. Олон шинэ боломжууд нэмэгдсэн байна. #203,2026-05-01 11:23:00,19,113,25,2026-05-01 13:23:00
204,AI & Data Science MN,POST_0204,https://facebook.com/ai&datasciencemn/posts/204,Машин сургалтын үндэс сургалт эхэллээ. #204,2026-05-01 20:28:00,50,130,94,2026-05-01 22:28:00
205,AI & Data Science MN,POST_0205,https://facebook.com/ai&datasciencemn/posts/205,Шинэ iPhone 16-ийн талаарх цуурхал ба баримтууд. #205,2026-05-02 01:04:00,390,13,43,2026-05-02 03:04:00
206,AI & Data Science MN,POST_0206,https://facebook.com/ai&datasciencemn/posts/206,Python 3.12 хувилбар гарлаа. Олон шинэ боломжууд нэмэгдсэн байна. #206,2026-05-04 11:55:00,650,191,70,2026-05-04 13:55:00
207,Мэдээллийн Технологи,POST_0207,https://facebook.com/мэдээллийнтехнологи/posts/207,Javascript хөгжүүлэгчдэд зориулсан 5 зөвлөгөө. #207,2026-05-02 14:43:00,416,30,30,2026-05-02 16:43:00
208,Монголын хөгжүүлэгчид,POST_0208,https://facebook.com/монголынхөгжүүлэгчид/posts/208,Python 3.12 хувилбар гарлаа. Олон шинэ боломжууд нэмэгдсэн байна. #208,2026-05-04 22:45:00,362,21,16,2026-05-05 00:45:00
209,Монголын хөгжүүлэгчид,POST_0209,https://facebook.com/монголынхөгжүүлэгчид/posts/209,React 19 хувилбарыг туршиж үзсэн хүн байна уу? #209,2026-05-20 01:22:00,959,63,57,2026-05-20 03:22:00
210,TechNews Mongolia,POST_0210,https://facebook.com/technewsmongolia/posts/210,Cybersecurity-д хэрэгтэй шинэ tool-ууд. #210,2026-05-12 03:03:00,531,169,58,2026-05-12 05:03:00
211,Монголын хөгжүүлэгчид,POST_0211,https://facebook.com/монголынхөгжүүлэгчид/posts/211,Өгөгдлийн сангийн аюулгүй байдлын талаарх чухал зөвлөгөө. #211,2026-05-14 18:54:00,428,69,66,2026-05-14 20:54:00
212,Мэдээллийн Технологи,POST_0212,https://facebook.com/мэдээллийнтехнологи/posts/212,Машин сургалтын үндэс сургалт эхэллээ. #212,2026-05-09 21:18:00,280,184,62,2026-05-09 23:18:00
213,TechNews Mongolia,POST_0213,https://facebook.com/technewsmongolia/posts/213,Cloud computing-ийн ирээдүй. #213,2026-05-11 23:41:00,584,80,40,2026-05-12 01:41:00
214,TechNews Mongolia,POST_0214,https://facebook.com/technewsmongolia/posts/214,Python 3.12 хувилбар гарлаа. Олон шинэ боломжууд нэмэгдсэн байна. #214,2026-05-18 11:19:00,864,25,91,2026-05-18 13:19:00
215,AI & Data Science MN,POST_0215,https://facebook.com/ai&datasciencemn/posts/215,Машин сургалтын үндэс сургалт эхэллээ. #215,2026-05-17 09:32:00,633,2,97,2026-05-17 11:32:00
216,AI & Data Science MN,POST_0216,https://facebook.com/ai&datasciencemn/posts/216,Машин сургалтын үндэс сургалт эхэллээ. #216,2026-05-15 12:37:00,656,129,47,2026-05-15 14:37:00
217,AI & Data Science MN,POST_0217,https://facebook.com/ai&datasciencemn/posts/217,Шинэ iPhone 16-ийн талаарх цуурхал ба баримтууд. #217,2026-05-21 21:14:00,539,159,59,2026-05-21 23:14:00
218,AI & Data Science MN,POST_0218,https://facebook.com/ai&datasciencemn/posts/218,Tech event удахгүй болно. #218,2026-05-14 22:27:00,890,189,26,2026-05-15 00:27:00
219,Монголын хөгжүүлэгчид,POST_0219,https://facebook.com/монголынхөгжүүлэгчид/posts/219,Tech event удахгүй болно. #219,2026-05-09 17:12:00,504,166,46,2026-05-09 19:12:00
220,TechNews Mongolia,POST_0220,https://facebook.com/technewsmongolia/posts/220,Cybersecurity-д хэрэгтэй шинэ tool-ууд. #220,2026-05-21 22:20:00,324,159,10,2026-05-22 00:20:00
221,TechNews Mongolia,POST_0221,https://facebook.com/technewsmongolia/posts/221,Javascript хөгжүүлэгчдэд зориулсан 5 зөвлөгөө. #221,2026-05-20 19:21:00,816,140,19,2026-05-20 21:21:00
222,Монголын хөгжүүлэгчид,POST_0222,https://facebook.com/монголынхөгжүүлэгчид/posts/222,Tech event удахгүй болно. #222,2026-05-08 10:56:00,119,199,88,2026-05-08 12:56:00
223,TechNews Mongolia,POST_0223,https://facebook.com/technewsmongolia/posts/223,Cloud computing-ийн ирээдүй. #223,2026-05-01 09:48:00,686,178,41,2026-05-01 11:48:00
224,Мэдээллийн Технологи,POST_0224,https://facebook.com/мэдээллийнтехнологи/posts/224,Tech event удахгүй болно. #224,2026-05-14 07:36:00,521,7,16,2026-05-14 09:36:00
225,Монголын хөгжүүлэгчид,POST_0225,https://facebook.com/монголынхөгжүүлэгчид/posts/225,Өгөгдлийн сангийн аюулгүй байдлын талаарх чухал зөвлөгөө. #225,2026-05-05 12:42:00,245,190,89,2026-05-05 14:42:00
226,AI & Data Science MN,POST_0226,https://facebook.com/ai&datasciencemn/posts/226,Tech event удахгүй болно. #226,2026-05-19 07:22:00,374,62,29,2026-05-19 09:22:00
227,AI & Data Science MN,POST_0227,https://facebook.com/ai&datasciencemn/posts/227,Cloud computing-ийн ирээдүй. #227,2026-05-11 10:14:00,451,110,44,2026-05-11 12:14:00
228,Монголын хөгжүүлэгчид,POST_0228,https://facebook.com/монголынхөгжүүлэгчид/posts/228,Javascript хөгжүүлэгчдэд зориулсан 5 зөвлөгөө. #228,2026-05-02 01:45:00,531,90,6,2026-05-02 03:45:00
229,TechNews Mongolia,POST_0229,https://facebook.com/technewsmongolia/posts/229,Javascript хөгжүүлэгчдэд зориулсан 5 зөвлөгөө. #229,2026-05-15 19:42:00,373,34,44,2026-05-15 21:42:00
230,AI & Data Science MN,POST_0230,https://facebook.com/ai&datasciencemn/posts/230,Машин сургалтын үндэс сургалт эхэллээ. #230,2026-05-14 03:03:00,558,168,83,2026-05-14 05:03:00
231,AI & Data Science MN,POST_0231,https://facebook.com/ai&datasciencemn/posts/231,Cloud computing-ийн ирээдүй. #231,2026-05-16 03:23:00,577,71,84,2026-05-16 05:23:00
232,TechNews Mongolia,POST_0232,https://facebook.com/technewsmongolia/posts/232,Tech event удахгүй болно. #232,2026-05-11 17:36:00,236,200,52,2026-05-11 19:36:00
233,AI & Data Science MN,POST_0233,https://facebook.com/ai&datasciencemn/posts/233,Өгөгдлийн сангийн аюулгүй байдлын талаарх чухал зөвлөгөө. #233,2026-05-06 01:32:00,660,53,52,2026-05-06 03:32:00
234,AI & Data Science MN,POST_0234,https://facebook.com/ai&datasciencemn/posts/234,React 19 хувилбарыг туршиж үзсэн хүн байна уу? #234,2026-05-15 00:26:00,617,20,72,2026-05-15 02:26:00
235,AI & Data Science MN,POST_0235,https://facebook.com/ai&datasciencemn/posts/235,Cloud computing-ийн ирээдүй. #235,2026-05-01 18:39:00,571,40,29,2026-05-01 20:39:00
236,Мэдээллийн Технологи,POST_0236,https://facebook.com/мэдээллийнтехнологи/posts/236,Python 3.12 хувилбар гарлаа. Олон шинэ боломжууд нэмэгдсэн байна. #236,2026-05-11 00:13:00,705,34,86,2026-05-11 02:13:00
237,Мэдээллийн Технологи,POST_0237,https://facebook.com/мэдээллийнтехнологи/posts/237,Өгөгдлийн сангийн аюулгүй байдлын талаарх чухал зөвлөгөө. #237,2026-05-13 19:56:00,257,133,32,2026-05-13 21:56:00
238,TechNews Mongolia,POST_0238,https://facebook.com/technewsmongolia/posts/238,Машин сургалтын үндэс сургалт эхэллээ. #238,2026-05-07 02:12:00,138,134,77,2026-05-07 04:12:00
239,AI & Data Science MN,POST_0239,https://facebook.com/ai&datasciencemn/posts/239,Tech event удахгүй болно. #239,2026-05-12 17:39:00,335,198,53,2026-05-12 19:39:00
240,Монголын хөгжүүлэгчид,POST_0240,https://facebook.com/монголынхөгжүүлэгчид/posts/240,Tech event удахгүй болно. #240,2026-05-16 17:05:00,329,187,39,2026-05-16 19:05:00
241,AI & Data Science MN,POST_0241,https://facebook.com/ai&datasciencemn/posts/241,Cloud computing-ийн ирээдүй. #241,2026-05-21 01:50:00,941,180,61,2026-05-21 03:50:00
242,TechNews Mongolia,POST_0242,https://facebook.com/technewsmongolia/posts/242,Cybersecurity-д хэрэгтэй шинэ tool-ууд. #242,2026-05-13 08:49:00,719,170,19,2026-05-13 10:49:00
243,TechNews Mongolia,POST_0243,https://facebook.com/technewsmongolia/posts/243,Javascript хөгжүүлэгчдэд зориулсан 5 зөвлөгөө. #243,2026-05-14 16:02:00,841,23,16,2026-05-14 18:02:00
244,AI & Data Science MN,POST_0244,https://facebook.com/ai&datasciencemn/posts/244,Шинэ хиймэл оюун ухааны загвар танилцуулагдлаа. #244,2026-05-19 19:52:00,193,152,72,2026-05-19 21:52:00
245,TechNews Mongolia,POST_0245,https://facebook.com/technewsmongolia/posts/245,Шинэ iPhone 16-ийн талаарх цуурхал ба баримтууд. #245,2026-05-15 04:53:00,847,11,38,2026-05-15 06:53:00
246,Мэдээллийн Технологи,POST_0246,https://facebook.com/мэдээллийнтехнологи/posts/246,Python 3.12 хувилбар гарлаа. Олон шинэ боломжууд нэмэгдсэн байна. #246,2026-05-13 07:52:00,209,62,41,2026-05-13 09:52:00
247,Монголын хөгжүүлэгчид,POST_0247,https://facebook.com/монголынхөгжүүлэгчид/posts/247,Python 3.12 хувилбар гарлаа. Олон шинэ боломжууд нэмэгдсэн байна. #247,2026-05-09 08:23:00,347,178,65,2026-05-09 10:23:00
248,AI & Data Science MN,POST_0248,https://facebook.com/ai&datasciencemn/posts/248,Python 3.12 хувилбар гарлаа. Олон шинэ боломжууд нэмэгдсэн байна. #248,2026-05-03 19:29:00,506,76,2,2026-05-03 21:29:00
249,AI & Data Science MN,POST_0249,https://facebook.com/ai&datasciencemn/posts/249,Tech event удахгүй болно. #249,2026-05-13 06:05:00,282,102,79,2026-05-13 08:05:00
250,AI & Data Science MN,POST_0250,https://facebook.com/ai&datasciencemn/posts/250,Python 3.12 хувилбар гарлаа. Олон шинэ боломжууд нэмэгдсэн байна. #250,2026-05-11 13:01:00,753,196,68,2026-05-11 15:01:00
251,Монголын хөгжүүлэгчид,POST_0251,https://facebook.com/монголынхөгжүүлэгчид/posts/251,Шинэ хиймэл оюун ухааны загвар танилцуулагдлаа. #251,2026-05-14 03:14:00,233,86,4,2026-05-14 05:14:00
252,Монголын хөгжүүлэгчид,POST_0252,https://facebook.com/монголынхөгжүүлэгчид/posts/252,Javascript хөгжүүлэгчдэд зориулсан 5 зөвлөгөө. #252,2026-05-13 11:13:00,49,32,82,2026-05-13 13:13:00
253,TechNews Mongolia,POST_0253,https://facebook.com/technewsmongolia/posts/253,React 19 хувилбарыг туршиж үзсэн хүн байна уу? #253,2026-05-10 09:55:00,858,108,43,2026-05-10 11:55:00
254,Мэдээллийн Технологи,POST_0254,https://facebook.com/мэдээллийнтехнологи/posts/254,Javascript хөгжүүлэгчдэд зориулсан 5 зөвлөгөө. #254,2026-05-07 07:41:00,71,44,22,2026-05-07 09:41:00
255,Мэдээллийн Технологи,POST_0255,https://facebook.com/мэдээллийнтехнологи/posts/255,Cloud computing-ийн ирээдүй. #255,2026-05-18 22:31:00,272,136,39,2026-05-19 00:31:00
256,Монголын хөгжүүлэгчид,POST_0256,https://facebook.com/монголынхөгжүүлэгчид/posts/256,Машин сургалтын үндэс сургалт эхэллээ. #256,2026-05-20 18:38:00,86,108,91,2026-05-20 20:38:00
257,AI & Data Science MN,POST_0257,https://facebook.com/ai&datasciencemn/posts/257,Tech event удахгүй болно. #257,2026-05-11 05:42:00,657,88,64,2026-05-11 07:42:00
258,Мэдээллийн Технологи,POST_0258,https://facebook.com/мэдээллийнтехнологи/posts/258,Машин сургалтын үндэс сургалт эхэллээ. #258,2026-05-12 02:31:00,368,101,95,2026-05-12 04:31:00
259,TechNews Mongolia,POST_0259,https://facebook.com/technewsmongolia/posts/259,Cybersecurity-д хэрэгтэй шинэ tool-ууд. #259,2026-05-03 22:56:00,148,196,69,2026-05-04 00:56:00
260,TechNews Mongolia,POST_0260,https://facebook.com/technewsmongolia/posts/260,Өгөгдлийн сангийн аюулгүй байдлын талаарх чухал зөвлөгөө. #260,2026-05-07 09:35:00,286,96,26,2026-05-07 11:35:00
261,Монголын хөгжүүлэгчид,POST_0261,https://facebook.com/монголынхөгжүүлэгчид/posts/261,Python 3.12 хувилбар гарлаа. Олон шинэ боломжууд нэмэгдсэн байна. #261,2026-05-08 07:37:00,34,4,79,2026-05-08 09:37:00
262,TechNews Mongolia,POST_0262,https://facebook.com/technewsmongolia/posts/262,Python 3.12 хувилбар гарлаа. Олон шинэ боломжууд нэмэгдсэн байна. #262,2026-05-11 14:42:00,591,57,27,2026-05-11 16:42:00
263,Мэдээллийн Технологи,POST_0263,https://facebook.com/мэдээллийнтехнологи/posts/263,React 19 хувилбарыг туршиж үзсэн хүн байна уу? #263,2026-05-14 11:32:00,589,63,44,2026-05-14 13:32:00
264,AI & Data Science MN,POST_0264,https://facebook.com/ai&datasciencemn/posts/264,Шинэ iPhone 16-ийн талаарх цуурхал ба баримтууд. #264,2026-05-07 06:36:00,58,81,77,2026-05-07 08:36:00
265,Монголын хөгжүүлэгчид,POST_0265,https://facebook.com/монголынхөгжүүлэгчид/posts/265,React 19 хувилбарыг туршиж үзсэн хүн байна уу? #265,2026-05-12 08:07:00,67,36,24,2026-05-12 10:07:00
266,TechNews Mongolia,POST_0266,https://facebook.com/technewsmongolia/posts/266,Шинэ хиймэл оюун ухааны загвар танилцуулагдлаа. #266,2026-05-04 10:29:00,359,99,100,2026-05-04 12:29:00
267,Мэдээллийн Технологи,POST_0267,https://facebook.com/мэдээллийнтехнологи/posts/267,Cloud computing-ийн ирээдүй. #267,2026-05-19 23:47:00,786,55,9,2026-05-20 01:47:00
268,Монголын хөгжүүлэгчид,POST_0268,https://facebook.com/монголынхөгжүүлэгчид/posts/268,Cloud computing-ийн ирээдүй. #268,2026-05-03 19:11:00,785,112,34,2026-05-03 21:11:00
269,AI & Data Science MN,POST_0269,https://facebook.com/ai&datasciencemn/posts/269,Tech event удахгүй болно. #269,2026-05-14 22:35:00,525,171,36,2026-05-15 00:35:00
270,Мэдээллийн Технологи,POST_0270,https://facebook.com/мэдээллийнтехнологи/posts/270,Шинэ хиймэл оюун ухааны загвар танилцуулагдлаа. #270,2026-05-05 22:06:00,388,195,3,2026-05-06 00:06:00
271,TechNews Mongolia,POST_0271,https://facebook.com/technewsmongolia/posts/271,Cybersecurity-д хэрэгтэй шинэ tool-ууд. #271,2026-05-06 05:26:00,345,5,83,2026-05-06 07:26:00
272,AI & Data Science MN,POST_0272,https://facebook.com/ai&datasciencemn/posts/272,Өгөгдлийн сангийн аюулгүй байдлын талаарх чухал зөвлөгөө. #272,2026-05-19 10:51:00,606,58,97,2026-05-19 12:51:00
273,Монголын хөгжүүлэгчид,POST_0273,https://facebook.com/монголынхөгжүүлэгчид/posts/273,Cybersecurity-д хэрэгтэй шинэ tool-ууд. #273,2026-05-15 09:40:00,300,131,87,2026-05-15 11:40:00
274,AI & Data Science MN,POST_0274,https://facebook.com/ai&datasciencemn/posts/274,Cybersecurity-д хэрэгтэй шинэ tool-ууд. #274,2026-05-19 16:57:00,971,167,6,2026-05-19 18:57:00
275,AI & Data Science MN,POST_0275,https://facebook.com/ai&datasciencemn/posts/275,Машин сургалтын үндэс сургалт эхэллээ. #275,2026-05-20 07:07:00,56,10,18,2026-05-20 09:07:00
276,TechNews Mongolia,POST_0276,https://facebook.com/technewsmongolia/posts/276,Cybersecurity-д хэрэгтэй шинэ tool-ууд. #276,2026-05-05 16:56:00,987,110,28,2026-05-05 18:56:00
277,Мэдээллийн Технологи,POST_0277,https://facebook.com/мэдээллийнтехнологи/posts/277,Python 3.12 хувилбар гарлаа. Олон шинэ боломжууд нэмэгдсэн байна. #277,2026-05-10 05:45:00,217,168,90,2026-05-10 07:45:00
278,AI & Data Science MN,POST_0278,https://facebook.com/ai&datasciencemn/posts/278,Cybersecurity-д хэрэгтэй шинэ tool-ууд. #278,2026-05-03 23:32:00,128,71,19,2026-05-04 01:32:00
279,TechNews Mongolia,POST_0279,https://facebook.com/technewsmongolia/posts/279,Өгөгдлийн сангийн аюулгүй байдлын талаарх чухал зөвлөгөө. #279,2026-05-19 03:31:00,310,14,43,2026-05-19 05:31:00
280,Мэдээллийн Технологи,POST_0280,https://facebook.com/мэдээллийнтехнологи/posts/280,Машин сургалтын үндэс сургалт эхэллээ. #280,2026-05-20 16:24:00,886,56,9,2026-05-20 18:24:00
281,AI & Data Science MN,POST_0281,https://facebook.com/ai&datasciencemn/posts/281,Машин сургалтын үндэс сургалт эхэллээ. #281,2026-05-14 14:06:00,462,59,34,2026-05-14 16:06:00
282,AI & Data Science MN,POST_0282,https://facebook.com/ai&datasciencemn/posts/282,Cybersecurity-д хэрэгтэй шинэ tool-ууд. #282,2026-05-19 01:21:00,867,176,82,2026-05-19 03:21:00
283,Мэдээллийн Технологи,POST_0283,https://facebook.com/мэдээллийнтехнологи/posts/283,React 19 хувилбарыг туршиж үзсэн хүн байна уу? #283,2026-05-19 22:20:00,445,85,72,2026-05-20 00:20:00
284,AI & Data Science MN,POST_0284,https://facebook.com/ai&datasciencemn/posts/284,Өгөгдлийн сангийн аюулгүй байдлын талаарх чухал зөвлөгөө. #284,2026-05-10 02:36:00,467,156,1,2026-05-10 04:36:00
285,Мэдээллийн Технологи,POST_0285,https://facebook.com/мэдээллийнтехнологи/posts/285,Шинэ хиймэл оюун ухааны загвар танилцуулагдлаа. #285,2026-05-06 01:10:00,723,72,33,2026-05-06 03:10:00
286,AI & Data Science MN,POST_0286,https://facebook.com/ai&datasciencemn/posts/286,Javascript хөгжүүлэгчдэд зориулсан 5 зөвлөгөө. #286,2026-05-16 20:50:00,268,24,100,2026-05-16 22:50:00
287,TechNews Mongolia,POST_0287,https://facebook.com/technewsmongolia/posts/287,Машин сургалтын үндэс сургалт эхэллээ. #287,2026-05-14 20:36:00,454,44,37,2026-05-14 22:36:00
288,TechNews Mongolia,POST_0288,https://facebook.com/technewsmongolia/posts/288,Tech event удахгүй болно. #288,2026-05-09 09:23:00,478,74,18,2026-05-09 11:23:00
289,Мэдээллийн Технологи,POST_0289,https://facebook.com/мэдээллийнтехнологи/posts/289,Python 3.12 хувилбар гарлаа. Олон шинэ боломжууд нэмэгдсэн байна. #289,2026-05-16 15:02:00,826,123,82,2026-05-16 17:02:00
290,Мэдээллийн Технологи,POST_0290,https://facebook.com/мэдээллийнтехнологи/posts/290,Шинэ iPhone 16-ийн талаарх цуурхал ба баримтууд. #290,2026-05-05 13:34:00,952,178,0,2026-05-05 15:34:00
291,Монголын хөгжүүлэгчид,POST_0291,https://facebook.com/монголынхөгжүүлэгчид/posts/291,React 19 хувилбарыг туршиж үзсэн хүн байна уу? #291,2026-05-18 23:38:00,39,164,43,2026-05-19 01:38:00
292,Монголын хөгжүүлэгчид,POST_0292,https://facebook.com/монголынхөгжүүлэгчид/posts/292,Шинэ iPhone 16-ийн талаарх цуурхал ба баримтууд. #292,2026-05-21 15:11:00,194,98,32,2026-05-21 17:11:00
293,Мэдээллийн Технологи,POST_0293,https://facebook.com/мэдээллийнтехнологи/posts/293,Javascript хөгжүүлэгчдэд зориулсан 5 зөвлөгөө. #293,2026-05-17 15:34:00,875,31,52,2026-05-17 17:34:00
294,Монголын хөгжүүлэгчид,POST_0294,https://facebook.com/монголынхөгжүүлэгчид/posts/294,Шинэ хиймэл оюун ухааны загвар танилцуулагдлаа. #294,2026-05-08 21:41:00,35,94,9,2026-05-08 23:41:00
295,AI & Data Science MN,POST_0295,https://facebook.com/ai&datasciencemn/posts/295,Tech event удахгүй болно. #295,2026-05-04 17:11:00,67,155,69,2026-05-04 19:11:00
296,Монголын хөгжүүлэгчид,POST_0296,https://facebook.com/монголынхөгжүүлэгчид/posts/296,Шинэ хиймэл оюун ухааны загвар танилцуулагдлаа. #296,2026-05-21 13:02:00,285,187,1,2026-05-21 15:02:00
297,Монголын хөгжүүлэгчид,POST_0297,https://facebook.com/монголынхөгжүүлэгчид/posts/297,Шинэ хиймэл оюун ухааны загвар танилцуулагдлаа. #297,2026-05-20 17:28:00,147,175,85,2026-05-20 19:28:00
298,Мэдээллийн Технологи,POST_0298,https://facebook.com/мэдээллийнтехнологи/posts/298,Өгөгдлийн сангийн аюулгүй байдлын талаарх чухал зөвлөгөө. #298,2026-05-19 16:54:00,403,54,84,2026-05-19 18:54:00
299,AI & Data Science MN,POST_0299,https://facebook.com/ai&datasciencemn/posts/299,Машин сургалтын үндэс сургалт эхэллээ. #299,2026-05-15 05:30:00,162,116,25,2026-05-15 07:30:00
300,TechNews Mongolia,POST_0300,https://facebook.com/technewsmongolia/posts/300,Өгөгдлийн сангийн аюулгүй байдлын талаарх чухал зөвлөгөө. #300,2026-05-04 07:28:00,144,109,93,2026-05-04 09:28:00
301,Монголын хөгжүүлэгчид,POST_0301,https://facebook.com/монголынхөгжүүлэгчид/posts/301,Машин сургалтын үндэс сургалт эхэллээ. #301,2026-05-14 17:28:00,346,167,30,2026-05-14 19:28:00
302,TechNews Mongolia,POST_0302,https://facebook.com/technewsmongolia/posts/302,Шинэ iPhone 16-ийн талаарх цуурхал ба баримтууд. #302,2026-05-13 06:36:00,350,187,79,2026-05-13 08:36:00
303,Мэдээллийн Технологи,POST_0303,https://facebook.com/мэдээллийнтехнологи/posts/303,Python 3.12 хувилбар гарлаа. Олон шинэ боломжууд нэмэгдсэн байна. #303,2026-05-13 04:38:00,264,50,13,2026-05-13 06:38:00
304,TechNews Mongolia,POST_0304,https://facebook.com/technewsmongolia/posts/304,Cloud computing-ийн ирээдүй. #304,2026-05-06 08:24:00,903,149,30,2026-05-06 10:24:00
305,Монголын хөгжүүлэгчид,POST_0305,https://facebook.com/монголынхөгжүүлэгчид/posts/305,Cybersecurity-д хэрэгтэй шинэ tool-ууд. #305,2026-05-02 03:53:00,872,194,80,2026-05-02 05:53:00
306,Мэдээллийн Технологи,POST_0306,https://facebook.com/мэдээллийнтехнологи/posts/306,Шинэ хиймэл оюун ухааны загвар танилцуулагдлаа. #306,2026-05-13 20:38:00,396,61,36,2026-05-13 22:38:00
307,Монголын хөгжүүлэгчид,POST_0307,https://facebook.com/монголынхөгжүүлэгчид/posts/307,Javascript хөгжүүлэгчдэд зориулсан 5 зөвлөгөө. #307,2026-05-16 00:00:00,676,64,30,2026-05-16 02:00:00
308,Монголын хөгжүүлэгчид,POST_0308,https://facebook.com/монголынхөгжүүлэгчид/posts/308,Шинэ хиймэл оюун ухааны загвар танилцуулагдлаа. #308,2026-05-17 20:18:00,269,151,53,2026-05-17 22:18:00
309,Мэдээллийн Технологи,POST_0309,https://facebook.com/мэдээллийнтехнологи/posts/309,Өгөгдлийн сангийн аюулгүй байдлын талаарх чухал зөвлөгөө. #309,2026-05-03 18:12:00,386,171,48,2026-05-03 20:12:00
310,AI & Data Science MN,POST_0310,https://facebook.com/ai&datasciencemn/posts/310,Шинэ iPhone 16-ийн талаарх цуурхал ба баримтууд. #310,2026-05-10 04:39:00,736,7,10,2026-05-10 06:39:00
311,TechNews Mongolia,POST_0311,https://facebook.com/technewsmongolia/posts/311,Шинэ iPhone 16-ийн талаарх цуурхал ба баримтууд. #311,2026-05-09 20:25:00,124,127,83,2026-05-09 22:25:00
312,AI & Data Science MN,POST_0312,https://facebook.com/ai&datasciencemn/posts/312,Cloud computing-ийн ирээдүй. #312,2026-05-05 14:23:00,339,12,85,2026-05-05 16:23:00
313,Монголын хөгжүүлэгчид,POST_0313,https://facebook.com/монголынхөгжүүлэгчид/posts/313,Машин сургалтын үндэс сургалт эхэллээ. #313,2026-05-19 23:03:00,71,102,44,2026-05-20 01:03:00
314,TechNews Mongolia,POST_0314,https://facebook.com/technewsmongolia/posts/314,Cloud computing-ийн ирээдүй. #314,2026-05-12 00:52:00,248,85,38,2026-05-12 02:52:00
315,TechNews Mongolia,POST_0315,https://facebook.com/technewsmongolia/posts/315,Python 3.12 хувилбар гарлаа. Олон шинэ боломжууд нэмэгдсэн байна. #315,2026-05-17 19:49:00,982,176,91,2026-05-17 21:49:00
316,Монголын хөгжүүлэгчид,POST_0316,https://facebook.com/монголынхөгжүүлэгчид/posts/316,Javascript хөгжүүлэгчдэд зориулсан 5 зөвлөгөө. #316,2026-05-16 09:26:00,502,185,45,2026-05-16 11:26:00
317,Мэдээллийн Технологи,POST_0317,https://facebook.com/мэдээллийнтехнологи/posts/317,Өгөгдлийн сангийн аюулгүй байдлын талаарх чухал зөвлөгөө. #317,2026-05-20 19:28:00,222,175,6,2026-05-20 21:28:00
318,AI & Data Science MN,POST_0318,https://facebook.com/ai&datasciencemn/posts/318,Шинэ iPhone 16-ийн талаарх цуурхал ба баримтууд. #318,2026-05-07 02:01:00,997,110,88,2026-05-07 04:01:00
319,TechNews Mongolia,POST_0319,https://facebook.com/technewsmongolia/posts/319,Өгөгдлийн сангийн аюулгүй байдлын талаарх чухал зөвлөгөө. #319,2026-05-02 16:12:00,218,185,21,2026-05-02 18:12:00
320,Монголын хөгжүүлэгчид,POST_0320,https://facebook.com/монголынхөгжүүлэгчид/posts/320,Машин сургалтын үндэс сургалт эхэллээ. #320,2026-05-11 08:54:00,936,44,74,2026-05-11 10:54:00
321,AI & Data Science MN,POST_0321,https://facebook.com/ai&datasciencemn/posts/321,Шинэ хиймэл оюун ухааны загвар танилцуулагдлаа. #321,2026-05-12 07:31:00,524,197,54,2026-05-12 09:31:00
322,TechNews Mongolia,POST_0322,https://facebook.com/technewsmongolia/posts/322,Машин сургалтын үндэс сургалт эхэллээ. #322,2026-05-12 16:42:00,959,134,90,2026-05-12 18:42:00
323,Мэдээллийн Технологи,POST_0323,https://facebook.com/мэдээллийнтехнологи/posts/323,Cloud computing-ийн ирээдүй. #323,2026-05-05 02:06:00,787,180,51,2026-05-05 04:06:00
324,AI & Data Science MN,POST_0324,https://facebook.com/ai&datasciencemn/posts/324,React 19 хувилбарыг туршиж үзсэн хүн байна уу? #324,2026-05-11 14:54:00,311,26,11,2026-05-11 16:54:00
325,TechNews Mongolia,POST_0325,https://facebook.com/technewsmongolia/posts/325,Tech event удахгүй болно. #325,2026-05-02 19:58:00,955,143,94,2026-05-02 21:58:00
326,Монголын хөгжүүлэгчид,POST_0326,https://facebook.com/монголынхөгжүүлэгчид/posts/326,Javascript хөгжүүлэгчдэд зориулсан 5 зөвлөгөө. #326,2026-05-16 23:18:00,239,9,47,2026-05-17 01:18:00
327,AI & Data Science MN,POST_0327,https://facebook.com/ai&datasciencemn/posts/327,Cybersecurity-д хэрэгтэй шинэ tool-ууд. #327,2026-05-11 09:10:00,315,74,75,2026-05-11 11:10:00
328,AI & Data Science MN,POST_0328,https://facebook.com/ai&datasciencemn/posts/328,Шинэ хиймэл оюун ухааны загвар танилцуулагдлаа. #328,2026-05-13 16:22:00,813,137,39,2026-05-13 18:22:00
329,AI & Data Science MN,POST_0329,https://facebook.com/ai&datasciencemn/posts/329,Javascript хөгжүүлэгчдэд зориулсан 5 зөвлөгөө. #329,2026-05-06 06:28:00,868,194,50,2026-05-06 08:28:00
330,AI & Data Science MN,POST_0330,https://facebook.com/ai&datasciencemn/posts/330,Tech event удахгүй болно. #330,2026-05-02 23:23:00,623,92,39,2026-05-03 01:23:00
331,Мэдээллийн Технологи,POST_0331,https://facebook.com/мэдээллийнтехнологи/posts/331,Cybersecurity-д хэрэгтэй шинэ tool-ууд. #331,2026-05-09 01:41:00,830,101,70,2026-05-09 03:41:00
332,TechNews Mongolia,POST_0332,https://facebook.com/technewsmongolia/posts/332,Javascript хөгжүүлэгчдэд зориулсан 5 зөвлөгөө. #332,2026-05-16 04:21:00,730,103,30,2026-05-16 06:21:00
333,Мэдээллийн Технологи,POST_0333,https://facebook.com/мэдээллийнтехнологи/posts/333,Javascript хөгжүүлэгчдэд зориулсан 5 зөвлөгөө. #333,2026-05-04 00:39:00,582,75,15,2026-05-04 02:39:00
334,Мэдээллийн Технологи,POST_0334,https://facebook.com/мэдээллийнтехнологи/posts/334,Tech event удахгүй болно. #334,2026-05-01 14:10:00,670,119,6,2026-05-01 16:10:00
335,AI & Data Science MN,POST_0335,https://facebook.com/ai&datasciencemn/posts/335,Шинэ iPhone 16-ийн талаарх цуурхал ба баримтууд. #335,2026-05-11 23:02:00,455,122,96,2026-05-12 01:02:00
336,Мэдээллийн Технологи,POST_0336,https://facebook.com/мэдээллийнтехнологи/posts/336,Өгөгдлийн сангийн аюулгүй байдлын талаарх чухал зөвлөгөө. #336,2026-05-04 14:33:00,830,138,29,2026-05-04 16:33:00
337,TechNews Mongolia,POST_0337,https://facebook.com/technewsmongolia/posts/337,Шинэ хиймэл оюун ухааны загвар танилцуулагдлаа. #337,2026-05-21 03:52:00,923,74,24,2026-05-21 05:52:00
338,AI & Data Science MN,POST_0338,https://facebook.com/ai&datasciencemn/posts/338,Javascript хөгжүүлэгчдэд зориулсан 5 зөвлөгөө. #338,2026-05-19 06:24:00,273,184,68,2026-05-19 08:24:00
339,TechNews Mongolia,POST_0339,https://facebook.com/technewsmongolia/posts/339,Tech event удахгүй болно. #339,2026-05-20 09:35:00,384,70,47,2026-05-20 11:35:00
340,Монголын хөгжүүлэгчид,POST_0340,https://facebook.com/монголынхөгжүүлэгчид/posts/340,Шинэ iPhone 16-ийн талаарх цуурхал ба баримтууд. #340,2026-05-14 06:01:00,813,159,22,2026-05-14 08:01:00
341,AI & Data Science MN,POST_0341,https://facebook.com/ai&datasciencemn/posts/341,Python 3.12 хувилбар гарлаа. Олон шинэ боломжууд нэмэгдсэн байна. #341,2026-05-10 23:40:00,231,92,83,2026-05-11 01:40:00
342,AI & Data Science MN,POST_0342,https://facebook.com/ai&datasciencemn/posts/342,Python 3.12 хувилбар гарлаа. Олон шинэ боломжууд нэмэгдсэн байна. #342,2026-05-19 08:54:00,673,74,57,2026-05-19 10:54:00
343,TechNews Mongolia,POST_0343,https://facebook.com/technewsmongolia/posts/343,Машин сургалтын үндэс сургалт эхэллээ. #343,2026-05-09 06:46:00,328,85,28,2026-05-09 08:46:00
344,TechNews Mongolia,POST_0344,https://facebook.com/technewsmongolia/posts/344,Шинэ iPhone 16-ийн талаарх цуурхал ба баримтууд. #344,2026-05-11 11:08:00,290,155,100,2026-05-11 13:08:00
345,AI & Data Science MN,POST_0345,https://facebook.com/ai&datasciencemn/posts/345,Шинэ хиймэл оюун ухааны загвар танилцуулагдлаа. #345,2026-05-17 20:50:00,473,94,83,2026-05-17 22:50:00
346,AI & Data Science MN,POST_0346,https://facebook.com/ai&datasciencemn/posts/346,React 19 хувилбарыг туршиж үзсэн хүн байна уу? #346,2026-05-20 07:34:00,549,29,81,2026-05-20 09:34:00
347,Мэдээллийн Технологи,POST_0347,https://facebook.com/мэдээллийнтехнологи/posts/347,Шинэ хиймэл оюун ухааны загвар танилцуулагдлаа. #347,2026-05-01 03:03:00,494,38,86,2026-05-01 05:03:00
348,AI & Data Science MN,POST_0348,https://facebook.com/ai&datasciencemn/posts/348,Javascript хөгжүүлэгчдэд зориулсан 5 зөвлөгөө. #348,2026-05-02 12:13:00,77,26,63,2026-05-02 14:13:00
349,AI & Data Science MN,POST_0349,https://facebook.com/ai&datasciencemn/posts/349,Cloud computing-ийн ирээдүй. #349,2026-05-08 19:35:00,270,45,51,2026-05-08 21:35:00
350,TechNews Mongolia,POST_0350,https://facebook.com/technewsmongolia/posts/350,Tech event удахгүй болно. #350,2026-05-03 13:32:00,29,70,92,2026-05-03 15:32:00
351,TechNews Mongolia,POST_0351,https://facebook.com/technewsmongolia/posts/351,Машин сургалтын үндэс сургалт эхэллээ. #351,2026-05-13 18:55:00,922,80,27,2026-05-13 20:55:00
352,Мэдээллийн Технологи,POST_0352,https://facebook.com/мэдээллийнтехнологи/posts/352,Python 3.12 хувилбар гарлаа. Олон шинэ боломжууд нэмэгдсэн байна. #352,2026-05-16 00:18:00,10,56,22,2026-05-16 02:18:00
353,AI & Data Science MN,POST_0353,https://facebook.com/ai&datasciencemn/posts/353,Cloud computing-ийн ирээдүй. #353,2026-05-17 04:37:00,999,36,54,2026-05-17 06:37:00
354,Мэдээллийн Технологи,POST_0354,https://facebook.com/мэдээллийнтехнологи/posts/354,React 19 хувилбарыг туршиж үзсэн хүн байна уу? #354,2026-05-01 03:43:00,366,44,28,2026-05-01 05:43:00
355,AI & Data Science MN,POST_0355,https://facebook.com/ai&datasciencemn/posts/355,Шинэ хиймэл оюун ухааны загвар танилцуулагдлаа. #355,2026-05-02 14:20:00,342,189,46,2026-05-02 16:20:00
356,TechNews Mongolia,POST_0356,https://facebook.com/technewsmongolia/posts/356,Cloud computing-ийн ирээдүй. #356,2026-05-14 16:19:00,117,147,49,2026-05-14 18:19:00
357,AI & Data Science MN,POST_0357,https://facebook.com/ai&datasciencemn/posts/357,React 19 хувилбарыг туршиж үзсэн хүн байна уу? #357,2026-05-05 22:37:00,372,182,36,2026-05-06 00:37:00
358,AI & Data Science MN,POST_0358,https://facebook.com/ai&datasciencemn/posts/358,Машин сургалтын үндэс сургалт эхэллээ. #358,2026-05-21 16:14:00,976,143,64,2026-05-21 18:14:00
359,TechNews Mongolia,POST_0359,https://facebook.com/technewsmongolia/posts/359,Шинэ хиймэл оюун ухааны загвар танилцуулагдлаа. #359,2026-05-10 07:11:00,219,135,65,2026-05-10 09:11:00
360,Мэдээллийн Технологи,POST_0360,https://facebook.com/мэдээллийнтехнологи/posts/360,Машин сургалтын үндэс сургалт эхэллээ. #360,2026-05-09 02:26:00,183,33,22,2026-05-09 04:26:00
361,Мэдээллийн Технологи,POST_0361,https://facebook.com/мэдээллийнтехнологи/posts/361,Шинэ хиймэл оюун ухааны загвар танилцуулагдлаа. #361,2026-05-17 10:53:00,139,0,25,2026-05-17 12:53:00
362,Монголын хөгжүүлэгчид,POST_0362,https://facebook.com/монголынхөгжүүлэгчид/posts/362,Javascript хөгжүүлэгчдэд зориулсан 5 зөвлөгөө. #362,2026-05-19 17:58:00,268,90,4,2026-05-19 19:58:00
363,TechNews Mongolia,POST_0363,https://facebook.com/technewsmongolia/posts/363,Cloud computing-ийн ирээдүй. #363,2026-05-08 10:37:00,45,65,90,2026-05-08 12:37:00
364,TechNews Mongolia,POST_0364,https://facebook.com/technewsmongolia/posts/364,Python 3.12 хувилбар гарлаа. Олон шинэ боломжууд нэмэгдсэн байна. #364,2026-05-01 11:50:00,489,22,37,2026-05-01 13:50:00
365,Мэдээллийн Технологи,POST_0365,https://facebook.com/мэдээллийнтехнологи/posts/365,Cybersecurity-д хэрэгтэй шинэ tool-ууд. #365,2026-05-19 21:47:00,649,195,34,2026-05-19 23:47:00
366,Мэдээллийн Технологи,POST_0366,https://facebook.com/мэдээллийнтехнологи/posts/366,Python 3.12 хувилбар гарлаа. Олон шинэ боломжууд нэмэгдсэн байна. #366,2026-05-06 13:51:00,410,176,58,2026-05-06 15:51:00
367,TechNews Mongolia,POST_0367,https://facebook.com/technewsmongolia/posts/367,Cloud computing-ийн ирээдүй. #367,2026-05-01 11:34:00,287,83,22,2026-05-01 13:34:00
368,Монголын хөгжүүлэгчид,POST_0368,https://facebook.com/монголынхөгжүүлэгчид/posts/368,Cybersecurity-д хэрэгтэй шинэ tool-ууд. #368,2026-05-05 08:59:00,497,83,57,2026-05-05 10:59:00
369,AI & Data Science MN,POST_0369,https://facebook.com/ai&datasciencemn/posts/369,React 19 хувилбарыг туршиж үзсэн хүн байна уу? #369,2026-05-17 14:27:00,119,52,95,2026-05-17 16:27:00
370,AI & Data Science MN,POST_0370,https://facebook.com/ai&datasciencemn/posts/370,Tech event удахгүй болно. #370,2026-05-04 07:53:00,677,133,72,2026-05-04 09:53:00
371,Мэдээллийн Технологи,POST_0371,https://facebook.com/мэдээллийнтехнологи/posts/371,Шинэ iPhone 16-ийн талаарх цуурхал ба баримтууд. #371,2026-05-20 18:24:00,745,69,79,2026-05-20 20:24:00
372,Мэдээллийн Технологи,POST_0372,https://facebook.com/мэдээллийнтехнологи/posts/372,Өгөгдлийн сангийн аюулгүй байдлын талаарх чухал зөвлөгөө. #372,2026-05-08 13:51:00,266,89,55,2026-05-08 15:51:00
373,Монголын хөгжүүлэгчид,POST_0373,https://facebook.com/монголынхөгжүүлэгчид/posts/373,Tech event удахгүй болно. #373,2026-05-09 05:06:00,825,184,91,2026-05-09 07:06:00
374,TechNews Mongolia,POST_0374,https://facebook.com/technewsmongolia/posts/374,Cloud computing-ийн ирээдүй. #374,2026-05-15 03:25:00,324,7,30,2026-05-15 05:25:00
375,AI & Data Science MN,POST_0375,https://facebook.com/ai&datasciencemn/posts/375,Python 3.12 хувилбар гарлаа. Олон шинэ боломжууд нэмэгдсэн байна. #375,2026-05-11 23:02:00,242,136,69,2026-05-12 01:02:00
376,TechNews Mongolia,POST_0376,https://facebook.com/technewsmongolia/posts/376,Өгөгдлийн сангийн аюулгүй байдлын талаарх чухал зөвлөгөө. #376,2026-05-02 11:41:00,636,166,94,2026-05-02 13:41:00
377,Мэдээллийн Технологи,POST_0377,https://facebook.com/мэдээллийнтехнологи/posts/377,Машин сургалтын үндэс сургалт эхэллээ. #377,2026-05-18 17:31:00,581,9,7,2026-05-18 19:31:00
378,Монголын хөгжүүлэгчид,POST_0378,https://facebook.com/монголынхөгжүүлэгчид/posts/378,Шинэ хиймэл оюун ухааны загвар танилцуулагдлаа. #378,2026-05-07 18:48:00,416,126,9,2026-05-07 20:48:00
379,Мэдээллийн Технологи,POST_0379,https://facebook.com/мэдээллийнтехнологи/posts/379,Cloud computing-ийн ирээдүй. #379,2026-05-19 01:09:00,624,47,94,2026-05-19 03:09:00
380,AI & Data Science MN,POST_0380,https://facebook.com/ai&datasciencemn/posts/380,Шинэ iPhone 16-ийн талаарх цуурхал ба баримтууд. #380,2026-05-06 05:06:00,444,181,29,2026-05-06 07:06:00
381,Монголын хөгжүүлэгчид,POST_0381,https://facebook.com/монголынхөгжүүлэгчид/posts/381,Tech event удахгүй болно. #381,2026-05-08 02:12:00,97,17,94,2026-05-08 04:12:00
382,Мэдээллийн Технологи,POST_0382,https://facebook.com/мэдээллийнтехнологи/posts/382,Cloud computing-ийн ирээдүй. #382,2026-05-06 21:31:00,435,22,3,2026-05-06 23:31:00
383,Монголын хөгжүүлэгчид,POST_0383,https://facebook.com/монголынхөгжүүлэгчид/posts/383,Cybersecurity-д хэрэгтэй шинэ tool-ууд. #383,2026-05-02 14:56:00,614,72,66,2026-05-02 16:56:00
384,Монголын хөгжүүлэгчид,POST_0384,https://facebook.com/монголынхөгжүүлэгчид/posts/384,Шинэ iPhone 16-ийн талаарх цуурхал ба баримтууд. #384,2026-05-11 01:36:00,99,41,54,2026-05-11 03:36:00
385,Мэдээллийн Технологи,POST_0385,https://facebook.com/мэдээллийнтехнологи/posts/385,Javascript хөгжүүлэгчдэд зориулсан 5 зөвлөгөө. #385,2026-05-09 12:56:00,189,77,10,2026-05-09 14:56:00
386,Монголын хөгжүүлэгчид,POST_0386,https://facebook.com/монголынхөгжүүлэгчид/posts/386,Машин сургалтын үндэс сургалт эхэллээ. #386,2026-05-07 17:50:00,555,33,94,2026-05-07 19:50:00
387,TechNews Mongolia,POST_0387,https://facebook.com/technewsmongolia/posts/387,Python 3.12 хувилбар гарлаа. Олон шинэ боломжууд нэмэгдсэн байна. #387,2026-05-10 04:11:00,768,169,65,2026-05-10 06:11:00
388,Мэдээллийн Технологи,POST_0388,https://facebook.com/мэдээллийнтехнологи/posts/388,Javascript хөгжүүлэгчдэд зориулсан 5 зөвлөгөө. #388,2026-05-03 14:53:00,541,120,28,2026-05-03 16:53:00
389,TechNews Mongolia,POST_0389,https://facebook.com/technewsmongolia/posts/389,Javascript хөгжүүлэгчдэд зориулсан 5 зөвлөгөө. #389,2026-05-09 04:51:00,424,139,100,2026-05-09 06:51:00
390,Монголын хөгжүүлэгчид,POST_0390,https://facebook.com/монголынхөгжүүлэгчид/posts/390,Шинэ iPhone 16-ийн талаарх цуурхал ба баримтууд. #390,2026-05-20 01:23:00,123,190,17,2026-05-20 03:23:00
391,Монголын хөгжүүлэгчид,POST_0391,https://facebook.com/монголынхөгжүүлэгчид/posts/391,Машин сургалтын үндэс сургалт эхэллээ. #391,2026-05-17 15:25:00,141,58,71,2026-05-17 17:25:00
392,Мэдээллийн Технологи,POST_0392,https://facebook.com/мэдээллийнтехнологи/posts/392,Cybersecurity-д хэрэгтэй шинэ tool-ууд. #392,2026-05-19 22:56:00,696,127,40,2026-05-20 00:56:00
393,Монголын хөгжүүлэгчид,POST_0393,https://facebook.com/монголынхөгжүүлэгчид/posts/393,Шинэ iPhone 16-ийн талаарх цуурхал ба баримтууд. #393,2026-05-13 11:38:00,673,131,51,2026-05-13 13:38:00
394,Мэдээллийн Технологи,POST_0394,https://facebook.com/мэдээллийнтехнологи/posts/394,Cloud computing-ийн ирээдүй. #394,2026-05-03 16:45:00,662,22,97,2026-05-03 18:45:00
395,TechNews Mongolia,POST_0395,https://facebook.com/technewsmongolia/posts/395,Cybersecurity-д хэрэгтэй шинэ tool-ууд. #395,2026-05-18 20:31:00,364,39,88,2026-05-18 22:31:00
396,TechNews Mongolia,POST_0396,https://facebook.com/technewsmongolia/posts/396,Машин сургалтын үндэс сургалт эхэллээ. #396,2026-05-03 10:37:00,251,66,57,2026-05-03 12:37:00
397,Мэдээллийн Технологи,POST_0397,https://facebook.com/мэдээллийнтехнологи/posts/397,Python 3.12 хувилбар гарлаа. Олон шинэ боломжууд нэмэгдсэн байна. #397,2026-05-14 07:47:00,968,67,7,2026-05-14 09:47:00
398,Мэдээллийн Технологи,POST_0398,https://facebook.com/мэдээллийнтехнологи/posts/398,Python 3.12 хувилбар гарлаа. Олон шинэ боломжууд нэмэгдсэн байна. #398,2026-05-07 00:22:00,173,127,40,2026-05-07 02:22:00
399,Монголын хөгжүүлэгчид,POST_0399,https://facebook.com/монголынхөгжүүлэгчид/posts/399,Cloud computing-ийн ирээдүй. #399,2026-05-03 23:33:00,216,110,68,2026-05-04 01:33:00
400,AI & Data Science MN,POST_0400,https://facebook.com/ai&datasciencemn/posts/400,Cybersecurity-д хэрэгтэй шинэ tool-ууд. #400,2026-05-12 19:00:00,551,199,51,2026-05-12 21:00:00
401,AI & Data Science MN,POST_0401,https://facebook.com/ai&datasciencemn/posts/401,Javascript хөгжүүлэгчдэд зориулсан 5 зөвлөгөө. #401,2026-05-16 14:43:00,667,104,11,2026-05-16 16:43:00
402,AI & Data Science MN,POST_0402,https://facebook.com/ai&datasciencemn/posts/402,Cybersecurity-д хэрэгтэй шинэ tool-ууд. #402,2026-05-04 18:22:00,136,127,32,2026-05-04 20:22:00
403,Монголын хөгжүүлэгчид,POST_0403,https://facebook.com/монголынхөгжүүлэгчид/posts/403,Tech event удахгүй болно. #403,2026-05-13 18:49:00,342,43,94,2026-05-13 20:49:00
404,Монголын хөгжүүлэгчид,POST_0404,https://facebook.com/монголынхөгжүүлэгчид/posts/404,Tech event удахгүй болно. #404,2026-05-06 03:59:00,322,172,42,2026-05-06 05:59:00
405,AI & Data Science MN,POST_0405,https://facebook.com/ai&datasciencemn/posts/405,Javascript хөгжүүлэгчдэд зориулсан 5 зөвлөгөө. #405,2026-05-06 08:14:00,105,63,81,2026-05-06 10:14:00
406,AI & Data Science MN,POST_0406,https://facebook.com/ai&datasciencemn/posts/406,Шинэ iPhone 16-ийн талаарх цуурхал ба баримтууд. #406,2026-05-18 05:58:00,818,96,49,2026-05-18 07:58:00
407,AI & Data Science MN,POST_0407,https://facebook.com/ai&datasciencemn/posts/407,Cloud computing-ийн ирээдүй. #407,2026-05-20 20:29:00,495,17,89,2026-05-20 22:29:00
408,AI & Data Science MN,POST_0408,https://facebook.com/ai&datasciencemn/posts/408,Javascript хөгжүүлэгчдэд зориулсан 5 зөвлөгөө. #408,2026-05-17 04:36:00,417,97,24,2026-05-17 06:36:00
409,AI & Data Science MN,POST_0409,https://facebook.com/ai&datasciencemn/posts/409,Шинэ хиймэл оюун ухааны загвар танилцуулагдлаа. #409,2026-05-16 12:01:00,757,88,26,2026-05-16 14:01:00
410,Мэдээллийн Технологи,POST_0410,https://facebook.com/мэдээллийнтехнологи/posts/410,Машин сургалтын үндэс сургалт эхэллээ. #410,2026-05-17 05:31:00,716,58,80,2026-05-17 07:31:00
411,Мэдээллийн Технологи,POST_0411,https://facebook.com/мэдээллийнтехнологи/posts/411,Cloud computing-ийн ирээдүй. #411,2026-05-01 21:21:00,734,39,27,2026-05-01 23:21:00
412,Мэдээллийн Технологи,POST_0412,https://facebook.com/мэдээллийнтехнологи/posts/412,Шинэ хиймэл оюун ухааны загвар танилцуулагдлаа. #412,2026-05-02 00:16:00,513,159,6,2026-05-02 02:16:00
413,AI & Data Science MN,POST_0413,https://facebook.com/ai&datasciencemn/posts/413,Шинэ хиймэл оюун ухааны загвар танилцуулагдлаа. #413,2026-05-10 16:50:00,995,59,42,2026-05-10 18:50:00
414,AI & Data Science MN,POST_0414,https://facebook.com/ai&datasciencemn/posts/414,Машин сургалтын үндэс сургалт эхэллээ. #414,2026-05-05 16:42:00,103,66,50,2026-05-05 18:42:00
415,Мэдээллийн Технологи,POST_0415,https://facebook.com/мэдээллийнтехнологи/posts/415,React 19 хувилбарыг туршиж үзсэн хүн байна уу? #415,2026-05-20 16:21:00,218,129,68,2026-05-20 18:21:00
416,AI & Data Science MN,POST_0416,https://facebook.com/ai&datasciencemn/posts/416,Өгөгдлийн сангийн аюулгүй байдлын талаарх чухал зөвлөгөө. #416,2026-05-04 14:11:00,227,1,40,2026-05-04 16:11:00
417,Монголын хөгжүүлэгчид,POST_0417,https://facebook.com/монголынхөгжүүлэгчид/posts/417,Шинэ iPhone 16-ийн талаарх цуурхал ба баримтууд. #417,2026-05-14 22:19:00,371,3,21,2026-05-15 00:19:00
418,Монголын хөгжүүлэгчид,POST_0418,https://facebook.com/монголынхөгжүүлэгчид/posts/418,Cybersecurity-д хэрэгтэй шинэ tool-ууд. #418,2026-05-10 12:14:00,688,144,47,2026-05-10 14:14:00
419,Мэдээллийн Технологи,POST_0419,https://facebook.com/мэдээллийнтехнологи/posts/419,Шинэ iPhone 16-ийн талаарх цуурхал ба баримтууд. #419,2026-05-18 14:34:00,876,19,16,2026-05-18 16:34:00
420,AI & Data Science MN,POST_0420,https://facebook.com/ai&datasciencemn/posts/420,React 19 хувилбарыг туршиж үзсэн хүн байна уу? #420,2026-05-18 16:03:00,670,183,1,2026-05-18 18:03:00
421,Монголын хөгжүүлэгчид,POST_0421,https://facebook.com/монголынхөгжүүлэгчид/posts/421,Машин сургалтын үндэс сургалт эхэллээ. #421,2026-05-05 14:47:00,861,90,72,2026-05-05 16:47:00
422,Мэдээллийн Технологи,POST_0422,https://facebook.com/мэдээллийнтехнологи/posts/422,Шинэ iPhone 16-ийн талаарх цуурхал ба баримтууд. #422,2026-05-03 06:56:00,724,94,100,2026-05-03 08:56:00
423,Монголын хөгжүүлэгчид,POST_0423,https://facebook.com/монголынхөгжүүлэгчид/posts/423,Javascript хөгжүүлэгчдэд зориулсан 5 зөвлөгөө. #423,2026-05-07 08:50:00,401,147,5,2026-05-07 10:50:00
424,AI & Data Science MN,POST_0424,https://facebook.com/ai&datasciencemn/posts/424,Cloud computing-ийн ирээдүй. #424,2026-05-09 23:45:00,905,100,60,2026-05-10 01:45:00
425,Мэдээллийн Технологи,POST_0425,https://facebook.com/мэдээллийнтехнологи/posts/425,Шинэ iPhone 16-ийн талаарх цуурхал ба баримтууд. #425,2026-05-06 13:03:00,615,14,19,2026-05-06 15:03:00
426,Монголын хөгжүүлэгчид,POST_0426,https://facebook.com/монголынхөгжүүлэгчид/posts/426,React 19 хувилбарыг туршиж үзсэн хүн байна уу? #426,2026-05-02 23:47:00,804,161,45,2026-05-03 01:47:00
427,Монголын хөгжүүлэгчид,POST_0427,https://facebook.com/монголынхөгжүүлэгчид/posts/427,Шинэ iPhone 16-ийн талаарх цуурхал ба баримтууд. #427,2026-05-17 16:01:00,737,150,16,2026-05-17 18:01:00
428,AI & Data Science MN,POST_0428,https://facebook.com/ai&datasciencemn/posts/428,Javascript хөгжүүлэгчдэд зориулсан 5 зөвлөгөө. #428,2026-05-10 07:57:00,510,198,88,2026-05-10 09:57:00
429,Монголын хөгжүүлэгчид,POST_0429,https://facebook.com/монголынхөгжүүлэгчид/posts/429,Машин сургалтын үндэс сургалт эхэллээ. #429,2026-05-05 01:33:00,569,52,53,2026-05-05 03:33:00
430,Мэдээллийн Технологи,POST_0430,https://facebook.com/мэдээллийнтехнологи/posts/430,Шинэ хиймэл оюун ухааны загвар танилцуулагдлаа. #430,2026-05-09 00:37:00,982,83,76,2026-05-09 02:37:00
431,TechNews Mongolia,POST_0431,https://facebook.com/technewsmongolia/posts/431,Шинэ iPhone 16-ийн талаарх цуурхал ба баримтууд. #431,2026-05-05 17:31:00,21,11,81,2026-05-05 19:31:00
432,Мэдээллийн Технологи,POST_0432,https://facebook.com/мэдээллийнтехнологи/posts/432,Машин сургалтын үндэс сургалт эхэллээ. #432,2026-05-01 02:51:00,680,33,22,2026-05-01 04:51:00
433,TechNews Mongolia,POST_0433,https://facebook.com/technewsmongolia/posts/433,React 19 хувилбарыг туршиж үзсэн хүн байна уу? #433,2026-05-21 09:59:00,234,3,25,2026-05-21 11:59:00
434,Монголын хөгжүүлэгчид,POST_0434,https://facebook.com/монголынхөгжүүлэгчид/posts/434,Javascript хөгжүүлэгчдэд зориулсан 5 зөвлөгөө. #434,2026-05-21 07:30:00,698,200,21,2026-05-21 09:30:00
435,AI & Data Science MN,POST_0435,https://facebook.com/ai&datasciencemn/posts/435,Машин сургалтын үндэс сургалт эхэллээ. #435,2026-05-20 04:39:00,640,148,4,2026-05-20 06:39:00
436,Монголын хөгжүүлэгчид,POST_0436,https://facebook.com/монголынхөгжүүлэгчид/posts/436,Шинэ iPhone 16-ийн талаарх цуурхал ба баримтууд. #436,2026-05-04 10:51:00,587,38,53,2026-05-04 12:51:00
437,Мэдээллийн Технологи,POST_0437,https://facebook.com/мэдээллийнтехнологи/posts/437,Python 3.12 хувилбар гарлаа. Олон шинэ боломжууд нэмэгдсэн байна. #437,2026-05-15 15:33:00,515,81,36,2026-05-15 17:33:00
438,Монголын хөгжүүлэгчид,POST_0438,https://facebook.com/монголынхөгжүүлэгчид/posts/438,Javascript хөгжүүлэгчдэд зориулсан 5 зөвлөгөө. #438,2026-05-08 03:48:00,122,17,63,2026-05-08 05:48:00
439,Монголын хөгжүүлэгчид,POST_0439,https://facebook.com/монголынхөгжүүлэгчид/posts/439,Javascript хөгжүүлэгчдэд зориулсан 5 зөвлөгөө. #439,2026-05-04 16:47:00,28,15,46,2026-05-04 18:47:00
440,AI & Data Science MN,POST_0440,https://facebook.com/ai&datasciencemn/posts/440,Tech event удахгүй болно. #440,2026-05-13 10:28:00,725,10,11,2026-05-13 12:28:00
441,AI & Data Science MN,POST_0441,https://facebook.com/ai&datasciencemn/posts/441,Javascript хөгжүүлэгчдэд зориулсан 5 зөвлөгөө. #441,2026-05-16 18:43:00,85,131,35,2026-05-16 20:43:00
442,Монголын хөгжүүлэгчид,POST_0442,https://facebook.com/монголынхөгжүүлэгчид/posts/442,Cybersecurity-д хэрэгтэй шинэ tool-ууд. #442,2026-05-13 08:22:00,334,121,76,2026-05-13 10:22:00
443,AI & Data Science MN,POST_0443,https://facebook.com/ai&datasciencemn/posts/443,Машин сургалтын үндэс сургалт эхэллээ. #443,2026-05-15 11:13:00,779,35,14,2026-05-15 13:13:00
444,Мэдээллийн Технологи,POST_0444,https://facebook.com/мэдээллийнтехнологи/posts/444,Cloud computing-ийн ирээдүй. #444,2026-05-21 16:03:00,297,3,58,2026-05-21 18:03:00
445,AI & Data Science MN,POST_0445,https://facebook.com/ai&datasciencemn/posts/445,Tech event удахгүй болно. #445,2026-05-08 19:48:00,548,20,5,2026-05-08 21:48:00
446,AI & Data Science MN,POST_0446,https://facebook.com/ai&datasciencemn/posts/446,Python 3.12 хувилбар гарлаа. Олон шинэ боломжууд нэмэгдсэн байна. #446,2026-05-09 17:39:00,270,62,0,2026-05-09 19:39:00
447,Мэдээллийн Технологи,POST_0447,https://facebook.com/мэдээллийнтехнологи/posts/447,Машин сургалтын үндэс сургалт эхэллээ. #447,2026-05-09 17:02:00,188,183,61,2026-05-09 19:02:00
448,Монголын хөгжүүлэгчид,POST_0448,https://facebook.com/монголынхөгжүүлэгчид/posts/448,Өгөгдлийн сангийн аюулгүй байдлын талаарх чухал зөвлөгөө. #448,2026-05-20 16:15:00,509,127,63,2026-05-20 18:15:00
449,Монголын хөгжүүлэгчид,POST_0449,https://facebook.com/монголынхөгжүүлэгчид/posts/449,Машин сургалтын үндэс сургалт эхэллээ. #449,2026-05-13 13:12:00,220,96,23,2026-05-13 15:12:00
450,AI & Data Science MN,POST_0450,https://facebook.com/ai&datasciencemn/posts/450,Javascript хөгжүүлэгчдэд зориулсан 5 зөвлөгөө. #450,2026-05-07 19:42:00,299,1,96,2026-05-07 21:42:00
451,AI & Data Science MN,POST_0451,https://facebook.com/ai&datasciencemn/posts/451,Өгөгдлийн сангийн аюулгүй байдлын талаарх чухал зөвлөгөө. #451,2026-05-20 04:39:00,842,86,62,2026-05-20 06:39:00
452,TechNews Mongolia,POST_0452,https://facebook.com/technewsmongolia/posts/452,Cybersecurity-д хэрэгтэй шинэ tool-ууд. #452,2026-05-19 09:02:00,942,146,36,2026-05-19 11:02:00
453,AI & Data Science MN,POST_0453,https://facebook.com/ai&datasciencemn/posts/453,Өгөгдлийн сангийн аюулгүй байдлын талаарх чухал зөвлөгөө. #453,2026-05-07 10:33:00,925,156,52,2026-05-07 12:33:00
454,Мэдээллийн Технологи,POST_0454,https://facebook.com/мэдээллийнтехнологи/posts/454,Cybersecurity-д хэрэгтэй шинэ tool-ууд. #454,2026-05-17 00:28:00,722,137,18,2026-05-17 02:28:00
455,Монголын хөгжүүлэгчид,POST_0455,https://facebook.com/монголынхөгжүүлэгчид/posts/455,Tech event удахгүй болно. #455,2026-05-15 00:54:00,851,48,64,2026-05-15 02:54:00
456,AI & Data Science MN,POST_0456,https://facebook.com/ai&datasciencemn/posts/456,Javascript хөгжүүлэгчдэд зориулсан 5 зөвлөгөө. #456,2026-05-10 18:51:00,962,72,38,2026-05-10 20:51:00
457,AI & Data Science MN,POST_0457,https://facebook.com/ai&datasciencemn/posts/457,Tech event удахгүй болно. #457,2026-05-21 20:27:00,460,99,69,2026-05-21 22:27:00
458,Монголын хөгжүүлэгчид,POST_0458,https://facebook.com/монголынхөгжүүлэгчид/posts/458,Javascript хөгжүүлэгчдэд зориулсан 5 зөвлөгөө. #458,2026-05-12 06:13:00,824,81,48,2026-05-12 08:13:00
459,Мэдээллийн Технологи,POST_0459,https://facebook.com/мэдээллийнтехнологи/posts/459,Cloud computing-ийн ирээдүй. #459,2026-05-06 15:07:00,660,130,28,2026-05-06 17:07:00
460,Монголын хөгжүүлэгчид,POST_0460,https://facebook.com/монголынхөгжүүлэгчид/posts/460,Машин сургалтын үндэс сургалт эхэллээ. #460,2026-05-06 01:33:00,445,141,97,2026-05-06 03:33:00
461,TechNews Mongolia,POST_0461,https://facebook.com/technewsmongolia/posts/461,Cybersecurity-д хэрэгтэй шинэ tool-ууд. #461,2026-05-03 11:20:00,628,18,52,2026-05-03 13:20:00
462,Мэдээллийн Технологи,POST_0462,https://facebook.com/мэдээллийнтехнологи/posts/462,Tech event удахгүй болно. #462,2026-05-03 00:47:00,709,58,71,2026-05-03 02:47:00
463,Мэдээллийн Технологи,POST_0463,https://facebook.com/мэдээллийнтехнологи/posts/463,Python 3.12 хувилбар гарлаа. Олон шинэ боломжууд нэмэгдсэн байна. #463,2026-05-21 15:10:00,177,195,87,2026-05-21 17:10:00
464,AI & Data Science MN,POST_0464,https://facebook.com/ai&datasciencemn/posts/464,Шинэ iPhone 16-ийн талаарх цуурхал ба баримтууд. #464,2026-05-20 17:54:00,565,96,78,2026-05-20 19:54:00
465,TechNews Mongolia,POST_0465,https://facebook.com/technewsmongolia/posts/465,Шинэ iPhone 16-ийн талаарх цуурхал ба баримтууд. #465,2026-05-12 08:15:00,122,127,37,2026-05-12 10:15:00
466,TechNews Mongolia,POST_0466,https://facebook.com/technewsmongolia/posts/466,Tech event удахгүй болно. #466,2026-05-01 16:55:00,802,28,55,2026-05-01 18:55:00
467,Монголын хөгжүүлэгчид,POST_0467,https://facebook.com/монголынхөгжүүлэгчид/posts/467,Өгөгдлийн сангийн аюулгүй байдлын талаарх чухал зөвлөгөө. #467,2026-05-14 23:23:00,665,130,37,2026-05-15 01:23:00
468,Мэдээллийн Технологи,POST_0468,https://facebook.com/мэдээллийнтехнологи/posts/468,Өгөгдлийн сангийн аюулгүй байдлын талаарх чухал зөвлөгөө. #468,2026-05-21 03:45:00,981,187,67,2026-05-21 05:45:00
469,Мэдээллийн Технологи,POST_0469,https://facebook.com/мэдээллийнтехнологи/posts/469,Шинэ хиймэл оюун ухааны загвар танилцуулагдлаа. #469,2026-05-21 18:38:00,605,74,2,2026-05-21 20:38:00
470,TechNews Mongolia,POST_0470,https://facebook.com/technewsmongolia/posts/470,Javascript хөгжүүлэгчдэд зориулсан 5 зөвлөгөө. #470,2026-05-10 16:58:00,759,107,54,2026-05-10 18:58:00
471,TechNews Mongolia,POST_0471,https://facebook.com/technewsmongolia/posts/471,Шинэ хиймэл оюун ухааны загвар танилцуулагдлаа. #471,2026-05-15 07:04:00,416,102,28,2026-05-15 09:04:00
472,Мэдээллийн Технологи,POST_0472,https://facebook.com/мэдээллийнтехнологи/posts/472,Шинэ iPhone 16-ийн талаарх цуурхал ба баримтууд. #472,2026-05-02 23:42:00,641,67,25,2026-05-03 01:42:00
473,TechNews Mongolia,POST_0473,https://facebook.com/technewsmongolia/posts/473,Python 3.12 хувилбар гарлаа. Олон шинэ боломжууд нэмэгдсэн байна. #473,2026-05-20 02:12:00,837,174,26,2026-05-20 04:12:00
474,TechNews Mongolia,POST_0474,https://facebook.com/technewsmongolia/posts/474,React 19 хувилбарыг туршиж үзсэн хүн байна уу? #474,2026-05-02 21:16:00,705,21,69,2026-05-02 23:16:00
475,AI & Data Science MN,POST_0475,https://facebook.com/ai&datasciencemn/posts/475,React 19 хувилбарыг туршиж үзсэн хүн байна уу? #475,2026-05-10 00:02:00,544,122,12,2026-05-10 02:02:00
476,AI & Data Science MN,POST_0476,https://facebook.com/ai&datasciencemn/posts/476,Python 3.12 хувилбар гарлаа. Олон шинэ боломжууд нэмэгдсэн байна. #476,2026-05-06 21:17:00,877,193,96,2026-05-06 23:17:00
477,Мэдээллийн Технологи,POST_0477,https://facebook.com/мэдээллийнтехнологи/posts/477,Tech event удахгүй болно. #477,2026-05-17 14:24:00,197,36,86,2026-05-17 16:24:00
478,Монголын хөгжүүлэгчид,POST_0478,https://facebook.com/монголынхөгжүүлэгчид/posts/478,Cloud computing-ийн ирээдүй. #478,2026-05-21 15:27:00,247,60,95,2026-05-21 17:27:00
479,Монголын хөгжүүлэгчид,POST_0479,https://facebook.com/монголынхөгжүүлэгчид/posts/479,React 19 хувилбарыг туршиж үзсэн хүн байна уу? #479,2026-05-16 10:24:00,661,18,16,2026-05-16 12:24:00
480,Мэдээллийн Технологи,POST_0480,https://facebook.com/мэдээллийнтехнологи/posts/480,Cloud computing-ийн ирээдүй. #480,2026-05-02 08:35:00,179,20,92,2026-05-02 10:35:00
481,Монголын хөгжүүлэгчид,POST_0481,https://facebook.com/монголынхөгжүүлэгчид/posts/481,Tech event удахгүй болно. #481,2026-05-04 16:02:00,54,137,36,2026-05-04 18:02:00
482,Мэдээллийн Технологи,POST_0482,https://facebook.com/мэдээллийнтехнологи/posts/482,Tech event удахгүй болно. #482,2026-05-10 09:13:00,14,45,87,2026-05-10 11:13:00
483,TechNews Mongolia,POST_0483,https://facebook.com/technewsmongolia/posts/483,Cybersecurity-д хэрэгтэй шинэ tool-ууд. #483,2026-05-20 20:29:00,736,37,70,2026-05-20 22:29:00
484,Монголын хөгжүүлэгчид,POST_0484,https://facebook.com/монголынхөгжүүлэгчид/posts/484,Javascript хөгжүүлэгчдэд зориулсан 5 зөвлөгөө. #484,2026-05-21 11:45:00,340,20,10,2026-05-21 13:45:00
485,Монголын хөгжүүлэгчид,POST_0485,https://facebook.com/монголынхөгжүүлэгчид/posts/485,Python 3.12 хувилбар гарлаа. Олон шинэ боломжууд нэмэгдсэн байна. #485,2026-05-17 10:06:00,962,11,52,2026-05-17 12:06:00
486,AI & Data Science MN,POST_0486,https://facebook.com/ai&datasciencemn/posts/486,Cloud computing-ийн ирээдүй. #486,2026-05-04 22:53:00,721,164,36,2026-05-05 00:53:00
487,TechNews Mongolia,POST_0487,https://facebook.com/technewsmongolia/posts/487,Өгөгдлийн сангийн аюулгүй байдлын талаарх чухал зөвлөгөө. #487,2026-05-17 21:49:00,727,67,66,2026-05-17 23:49:00
488,AI & Data Science MN,POST_0488,https://facebook.com/ai&datasciencemn/posts/488,Cloud computing-ийн ирээдүй. #488,2026-05-09 20:32:00,473,50,71,2026-05-09 22:32:00
489,Мэдээллийн Технологи,POST_0489,https://facebook.com/мэдээллийнтехнологи/posts/489,Python 3.12 хувилбар гарлаа. Олон шинэ боломжууд нэмэгдсэн байна. #489,2026-05-12 09:22:00,545,26,69,2026-05-12 11:22:00
490,AI & Data Science MN,POST_0490,https://facebook.com/ai&datasciencemn/posts/490,Cloud computing-ийн ирээдүй. #490,2026-05-11 11:16:00,408,23,79,2026-05-11 13:16:00
491,TechNews Mongolia,POST_0491,https://facebook.com/technewsmongolia/posts/491,Javascript хөгжүүлэгчдэд зориулсан 5 зөвлөгөө. #491,2026-05-06 23:22:00,213,82,40,2026-05-07 01:22:00
492,AI & Data Science MN,POST_0492,https://facebook.com/ai&datasciencemn/posts/492,React 19 хувилбарыг туршиж үзсэн хүн байна уу? #492,2026-05-07 10:16:00,968,10,59,2026-05-07 12:16:00
493,TechNews Mongolia,POST_0493,https://facebook.com/technewsmongolia/posts/493,Шинэ хиймэл оюун ухааны загвар танилцуулагдлаа. #493,2026-05-10 14:31:00,984,121,30,2026-05-10 16:31:00
494,Мэдээллийн Технологи,POST_0494,https://facebook.com/мэдээллийнтехнологи/posts/494,Tech event удахгүй болно. #494,2026-05-14 15:08:00,372,166,13,2026-05-14 17:08:00
495,Монголын хөгжүүлэгчид,POST_0495,https://facebook.com/монголынхөгжүүлэгчид/posts/495,Шинэ хиймэл оюун ухааны загвар танилцуулагдлаа. #495,2026-05-07 02:04:00,620,5,65,2026-05-07 04:04:00
496,AI & Data Science MN,POST_0496,https://facebook.com/ai&datasciencemn/posts/496,Шинэ хиймэл оюун ухааны загвар танилцуулагдлаа. #496,2026-05-15 01:57:00,394,20,25,2026-05-15 03:57:00
497,Монголын хөгжүүлэгчид,POST_0497,https://facebook.com/монголынхөгжүүлэгчид/posts/497,Tech event удахгүй болно. #497,2026-05-10 21:00:00,72,63,29,2026-05-10 23:00:00
498,Мэдээллийн Технологи,POST_0498,https://facebook.com/мэдээллийнтехнологи/posts/498,Cloud computing-ийн ирээдүй. #498,2026-05-07 12:23:00,109,14,64,2026-05-07 14:23:00
499,Мэдээллийн Технологи,POST_0499,https://facebook.com/мэдээллийнтехнологи/posts/499,Шинэ iPhone 16-ийн талаарх цуурхал ба баримтууд. #499,2026-05-05 05:36:00,732,14,90,2026-05-05 07:36:00
500,TechNews Mongolia,POST_0500,https://facebook.com/technewsmongolia/posts/500,Cloud computing-ийн ирээдүй. #500,2026-05-12 12:12:00,699,59,55,2026-05-12 14:12:00
