id,post_id,comment_id,author_name,author_url,content,timestamp,likes,reply_to_id,scraped_at
1,452,C_00001,Nomin,https://facebook.com/nomin,Маш сонирхолтой мэдээлэл байна.,2026-05-11 00:00:00,0,,2026-05-11 01:00:00
2,421,C_00002,Gantulga,https://facebook.com/gantulga,Үүнтэй санал нийлэхгүй байна.,2026-05-12 18:00:00,12,,2026-05-12 19:00:00
3,155,C_00003,Sarnai,https://facebook.com/sarnai,Үнэхээр гоё санагдсан шүү.,2026-05-15 10:00:00,28,,2026-05-15 11:00:00
4,222,C_00004,Sarnai,https://facebook.com/sarnai,Дараагийн пост хэзээ орох вэ?,2026-05-06 01:00:00,41,,2026-05-06 02:00:00
5,113,C_00005,Maral,https://facebook.com/maral,Үнэхээр гоё санагдсан шүү.,2026-05-25 23:00:00,2,,2026-05-26 00:00:00
6,284,C_00006,Gantulga,https://facebook.com/gantulga,Сайн тайлбарлажээ.,2026-05-22 02:00:00,12,,2026-05-22 03:00:00
7,146,C_00007,Khuslen,https://facebook.com/khuslen,Хэрэгжүүлж үзнэ ээ.,2026-05-09 09:00:00,9,5,2026-05-09 10:00:00
8,218,C_00008,Maral,https://facebook.com/maral,Үүнтэй санал нийлэхгүй байна.,2026-05-11 01:00:00,10,,2026-05-11 02:00:00
9,103,C_00009,Gantulga,https://facebook.com/gantulga,Гайхалтай!,2026-05-22 05:00:00,41,,2026-05-22 06:00:00
10,242,C_00010,Tengis,https://facebook.com/tengis,Сайн тайлбарлажээ.,2026-05-07 08:00:00,5,,2026-05-07 09:00:00
11,207,C_00011,Bat-Erdene,https://facebook.com/bat-erdene,Маш сонирхолтой мэдээлэл байна.,2026-05-07 18:00:00,15,,2026-05-07 19:00:00
12,224,C_00012,Anu,https://facebook.com/anu,Энэ талаар дэлгэрэнгүй хаанаас уншиж болох вэ?,2026-05-07 14:00:00,3,,2026-05-07 15:00:00
13,431,C_00013,Maral,https://facebook.com/maral,Энэ талаар дэлгэрэнгүй хаанаас уншиж болох вэ?,2026-05-18 07:00:00,3,,2026-05-18 08:00:00
14,101,C_00014,Tuguldur,https://facebook.com/tuguldur,Үүнтэй санал нийлэхгүй байна.,2026-05-18 15:00:00,33,,2026-05-18 16:00:00
15,388,C_00015,Khuslen,https://facebook.com/khuslen,Хэрэгтэй зөвлөгөө байна баярлалаа.,2026-05-07 00:00:00,39,,2026-05-07 01:00:00
16,100,C_00016,Nomin,https://facebook.com/nomin,Энэ талаар дэлгэрэнгүй хаанаас уншиж болох вэ?,2026-05-21 20:00:00,50,,2026-05-21 21:00:00
17,3,C_00017,Tuguldur,https://facebook.com/tuguldur,Үүнтэй санал нийлэхгүй байна.,2026-05-12 11:00:00,42,,2026-05-12 12:00:00
18,188,C_00018,Tengis,https://facebook.com/tengis,Маш сонирхолтой мэдээлэл байна.,2026-05-24 04:00:00,33,,2026-05-24 05:00:00
19,101,C_00019,Gantulga,https://facebook.com/gantulga,Хэрэгтэй зөвлөгөө байна баярлалаа.,2026-05-07 09:00:00,37,,2026-05-07 10:00:00
20,113,C_00020,Bat-Erdene,https://facebook.com/bat-erdene,Маш сонирхолтой мэдээлэл байна.,2026-05-12 09:00:00,5,,2026-05-12 10:00:00
21,431,C_00021,Gantulga,https://facebook.com/gantulga,Хэрэгжүүлж үзнэ ээ.,2026-05-24 04:00:00,4,,2026-05-24 05:00:00
22,401,C_00022,Anu,https://facebook.com/anu,Дараагийн пост хэзээ орох вэ?,2026-05-17 03:00:00,5,11,2026-05-17 04:00:00
23,121,C_00023,Tuguldur,https://facebook.com/tuguldur,Үүнтэй санал нийлэхгүй байна.,2026-05-08 08:00:00,42,,2026-05-08 09:00:00
24,87,C_00024,Bat-Erdene,https://facebook.com/bat-erdene,Дараагийн пост хэзээ орох вэ?,2026-05-21 15:00:00,49,,2026-05-21 16:00:00
25,444,C_00025,Maral,https://facebook.com/maral,Гайхалтай!,2026-05-07 17:00:00,44,,2026-05-07 18:00:00
26,290,C_00026,Nomin,https://facebook.com/nomin,Сайн тайлбарлажээ.,2026-05-08 02:00:00,0,,2026-05-08 03:00:00
27,257,C_00027,Gantulga,https://facebook.com/gantulga,Энэ талаар дэлгэрэнгүй хаанаас уншиж болох вэ?,2026-05-18 13:00:00,40,12,2026-05-18 14:00:00
28,237,C_00028,Khuslen,https://facebook.com/khuslen,"Асуух зүйл байна, dm шалгаарай.",2026-05-13 22:00:00,47,,2026-05-13 23:00:00
29,18,C_00029,Sarnai,https://facebook.com/sarnai,Гайхалтай!,2026-05-20 22:00:00,9,,2026-05-20 23:00:00
30,84,C_00030,Gantulga,https://facebook.com/gantulga,"Асуух зүйл байна, dm шалгаарай.",2026-05-17 08:00:00,13,14,2026-05-17 09:00:00
31,234,C_00031,Maral,https://facebook.com/maral,Сайн тайлбарлажээ.,2026-05-17 15:00:00,13,,2026-05-17 16:00:00
32,348,C_00032,Bat-Erdene,https://facebook.com/bat-erdene,"Асуух зүйл байна, dm шалгаарай.",2026-05-11 04:00:00,34,,2026-05-11 05:00:00
33,297,C_00033,Maral,https://facebook.com/maral,Маш сонирхолтой мэдээлэл байна.,2026-05-13 13:00:00,32,,2026-05-13 14:00:00
34,92,C_00034,Odbayar,https://facebook.com/odbayar,Сайн тайлбарлажээ.,2026-05-17 04:00:00,16,,2026-05-17 05:00:00
35,325,C_00035,Anu,https://facebook.com/anu,Хэрэгтэй зөвлөгөө байна баярлалаа.,2026-05-06 06:00:00,10,,2026-05-06 07:00:00
36,309,C_00036,Anu,https://facebook.com/anu,Хэрэгжүүлж үзнэ ээ.,2026-05-16 20:00:00,10,,2026-05-16 21:00:00
37,410,C_00037,Maral,https://facebook.com/maral,Гайхалтай!,2026-05-13 03:00:00,43,21,2026-05-13 04:00:00
38,239,C_00038,Anu,https://facebook.com/anu,Гайхалтай!,2026-05-14 03:00:00,7,,2026-05-14 04:00:00
39,291,C_00039,Tuguldur,https://facebook.com/tuguldur,Маш сонирхолтой мэдээлэл байна.,2026-05-19 20:00:00,9,,2026-05-19 21:00:00
40,403,C_00040,Tengis,https://facebook.com/tengis,Маш сонирхолтой мэдээлэл байна.,2026-05-09 20:00:00,21,,2026-05-09 21:00:00
41,295,C_00041,Khuslen,https://facebook.com/khuslen,Үүнтэй санал нийлэхгүй байна.,2026-05-19 22:00:00,47,13,2026-05-19 23:00:00
42,407,C_00042,Maral,https://facebook.com/maral,Үүнтэй санал нийлэхгүй байна.,2026-05-07 15:00:00,4,24,2026-05-07 16:00:00
43,458,C_00043,Gantulga,https://facebook.com/gantulga,Гайхалтай!,2026-05-10 16:00:00,27,,2026-05-10 17:00:00
44,314,C_00044,Odbayar,https://facebook.com/odbayar,Гайхалтай!,2026-05-19 07:00:00,19,9,2026-05-19 08:00:00
45,357,C_00045,Tuguldur,https://facebook.com/tuguldur,Дараагийн пост хэзээ орох вэ?,2026-05-24 13:00:00,15,,2026-05-24 14:00:00
46,224,C_00046,Maral,https://facebook.com/maral,Сайн тайлбарлажээ.,2026-05-20 22:00:00,38,27,2026-05-20 23:00:00
47,454,C_00047,Nomin,https://facebook.com/nomin,Энэ талаар дэлгэрэнгүй хаанаас уншиж болох вэ?,2026-05-21 01:00:00,6,,2026-05-21 02:00:00
48,104,C_00048,Nomin,https://facebook.com/nomin,Дараагийн пост хэзээ орох вэ?,2026-05-22 11:00:00,19,,2026-05-22 12:00:00
49,91,C_00049,Maral,https://facebook.com/maral,Сайн тайлбарлажээ.,2026-05-20 14:00:00,26,22,2026-05-20 15:00:00
50,244,C_00050,Anu,https://facebook.com/anu,Дараагийн пост хэзээ орох вэ?,2026-05-24 07:00:00,5,,2026-05-24 08:00:00
51,429,C_00051,Gantulga,https://facebook.com/gantulga,Сайн тайлбарлажээ.,2026-05-09 20:00:00,27,,2026-05-09 21:00:00
52,466,C_00052,Khuslen,https://facebook.com/khuslen,Гайхалтай!,2026-05-08 01:00:00,34,,2026-05-08 02:00:00
53,266,C_00053,Nomin,https://facebook.com/nomin,Хэрэгжүүлж үзнэ ээ.,2026-05-14 01:00:00,11,,2026-05-14 02:00:00
54,325,C_00054,Tengis,https://facebook.com/tengis,Сайн тайлбарлажээ.,2026-05-17 18:00:00,9,13,2026-05-17 19:00:00
55,306,C_00055,Nomin,https://facebook.com/nomin,Үүнтэй санал нийлэхгүй байна.,2026-05-19 02:00:00,45,,2026-05-19 03:00:00
56,306,C_00056,Sarnai,https://facebook.com/sarnai,Хэрэгтэй зөвлөгөө байна баярлалаа.,2026-05-24 22:00:00,7,,2026-05-24 23:00:00
57,42,C_00057,Khuslen,https://facebook.com/khuslen,Хэрэгжүүлж үзнэ ээ.,2026-05-14 00:00:00,38,,2026-05-14 01:00:00
58,189,C_00058,Anu,https://facebook.com/anu,"Асуух зүйл байна, dm шалгаарай.",2026-05-17 15:00:00,19,9,2026-05-17 16:00:00
59,97,C_00059,Anu,https://facebook.com/anu,Дараагийн пост хэзээ орох вэ?,2026-05-12 06:00:00,5,,2026-05-12 07:00:00
60,332,C_00060,Sarnai,https://facebook.com/sarnai,Сайн тайлбарлажээ.,2026-05-23 05:00:00,49,,2026-05-23 06:00:00
61,369,C_00061,Odbayar,https://facebook.com/odbayar,Үүнтэй санал нийлэхгүй байна.,2026-05-22 19:00:00,24,,2026-05-22 20:00:00
62,335,C_00062,Khuslen,https://facebook.com/khuslen,Маш сонирхолтой мэдээлэл байна.,2026-05-12 08:00:00,22,,2026-05-12 09:00:00
63,459,C_00063,Tuguldur,https://facebook.com/tuguldur,Хэрэгтэй зөвлөгөө байна баярлалаа.,2026-05-07 08:00:00,43,,2026-05-07 09:00:00
64,404,C_00064,Odbayar,https://facebook.com/odbayar,"Асуух зүйл байна, dm шалгаарай.",2026-05-23 19:00:00,33,,2026-05-23 20:00:00
65,406,C_00065,Gantulga,https://facebook.com/gantulga,Үнэхээр гоё санагдсан шүү.,2026-05-14 04:00:00,45,36,2026-05-14 05:00:00
66,351,C_00066,Anu,https://facebook.com/anu,Үүнтэй санал нийлэхгүй байна.,2026-05-14 09:00:00,23,,2026-05-14 10:00:00
67,175,C_00067,Sarnai,https://facebook.com/sarnai,Маш сонирхолтой мэдээлэл байна.,2026-05-08 21:00:00,33,50,2026-05-08 22:00:00
68,478,C_00068,Tuguldur,https://facebook.com/tuguldur,Дараагийн пост хэзээ орох вэ?,2026-05-16 22:00:00,32,,2026-05-16 23:00:00
69,88,C_00069,Tuguldur,https://facebook.com/tuguldur,"Асуух зүйл байна, dm шалгаарай.",2026-05-19 03:00:00,11,67,2026-05-19 04:00:00
70,115,C_00070,Tuguldur,https://facebook.com/tuguldur,Үнэхээр гоё санагдсан шүү.,2026-05-18 22:00:00,44,,2026-05-18 23:00:00
71,464,C_00071,Anu,https://facebook.com/anu,Гайхалтай!,2026-05-16 22:00:00,12,,2026-05-16 23:00:00
72,274,C_00072,Sarnai,https://facebook.com/sarnai,Хэрэгтэй зөвлөгөө байна баярлалаа.,2026-05-15 06:00:00,2,,2026-05-15 07:00:00
73,466,C_00073,Bat-Erdene,https://facebook.com/bat-erdene,Хэрэгтэй зөвлөгөө байна баярлалаа.,2026-05-14 23:00:00,12,53,2026-05-15 00:00:00
74,3,C_00074,Bat-Erdene,https://facebook.com/bat-erdene,Хэрэгтэй зөвлөгөө байна баярлалаа.,2026-05-09 07:00:00,36,,2026-05-09 08:00:00
75,265,C_00075,Nomin,https://facebook.com/nomin,Энэ талаар дэлгэрэнгүй хаанаас уншиж болох вэ?,2026-05-24 12:00:00,44,,2026-05-24 13:00:00
76,223,C_00076,Maral,https://facebook.com/maral,Үнэхээр гоё санагдсан шүү.,2026-05-17 06:00:00,45,,2026-05-17 07:00:00
77,59,C_00077,Anu,https://facebook.com/anu,Дараагийн пост хэзээ орох вэ?,2026-05-10 10:00:00,41,,2026-05-10 11:00:00
78,260,C_00078,Sarnai,https://facebook.com/sarnai,Дараагийн пост хэзээ орох вэ?,2026-05-07 02:00:00,46,,2026-05-07 03:00:00
79,83,C_00079,Anu,https://facebook.com/anu,Үнэхээр гоё санагдсан шүү.,2026-05-12 22:00:00,43,,2026-05-12 23:00:00
80,131,C_00080,Bat-Erdene,https://facebook.com/bat-erdene,Энэ талаар дэлгэрэнгүй хаанаас уншиж болох вэ?,2026-05-15 15:00:00,45,49,2026-05-15 16:00:00
81,58,C_00081,Odbayar,https://facebook.com/odbayar,Гайхалтай!,2026-05-10 12:00:00,42,,2026-05-10 13:00:00
82,423,C_00082,Anu,https://facebook.com/anu,Гайхалтай!,2026-05-16 23:00:00,26,76,2026-05-17 00:00:00
83,220,C_00083,Anu,https://facebook.com/anu,Дараагийн пост хэзээ орох вэ?,2026-05-09 14:00:00,38,,2026-05-09 15:00:00
84,170,C_00084,Tuguldur,https://facebook.com/tuguldur,Үнэхээр гоё санагдсан шүү.,2026-05-21 07:00:00,49,,2026-05-21 08:00:00
85,264,C_00085,Tengis,https://facebook.com/tengis,Маш сонирхолтой мэдээлэл байна.,2026-05-06 20:00:00,8,,2026-05-06 21:00:00
86,335,C_00086,Khuslen,https://facebook.com/khuslen,Маш сонирхолтой мэдээлэл байна.,2026-05-06 03:00:00,19,,2026-05-06 04:00:00
87,331,C_00087,Tuguldur,https://facebook.com/tuguldur,Хэрэгжүүлж үзнэ ээ.,2026-05-16 15:00:00,37,,2026-05-16 16:00:00
88,41,C_00088,Anu,https://facebook.com/anu,Дараагийн пост хэзээ орох вэ?,2026-05-22 06:00:00,0,,2026-05-22 07:00:00
89,280,C_00089,Tengis,https://facebook.com/tengis,Дараагийн пост хэзээ орох вэ?,2026-05-19 17:00:00,37,,2026-05-19 18:00:00
90,86,C_00090,Tengis,https://facebook.com/tengis,Энэ талаар дэлгэрэнгүй хаанаас уншиж болох вэ?,2026-05-18 12:00:00,2,,2026-05-18 13:00:00
91,433,C_00091,Gantulga,https://facebook.com/gantulga,Хэрэгжүүлж үзнэ ээ.,2026-05-14 05:00:00,50,,2026-05-14 06:00:00
92,264,C_00092,Khuslen,https://facebook.com/khuslen,Хэрэгжүүлж үзнэ ээ.,2026-05-08 14:00:00,35,,2026-05-08 15:00:00
93,407,C_00093,Maral,https://facebook.com/maral,Энэ талаар дэлгэрэнгүй хаанаас уншиж болох вэ?,2026-05-07 20:00:00,49,,2026-05-07 21:00:00
94,111,C_00094,Sarnai,https://facebook.com/sarnai,"Асуух зүйл байна, dm шалгаарай.",2026-05-23 20:00:00,31,51,2026-05-23 21:00:00
95,3,C_00095,Sarnai,https://facebook.com/sarnai,Хэрэгтэй зөвлөгөө байна баярлалаа.,2026-05-14 11:00:00,6,,2026-05-14 12:00:00
96,35,C_00096,Tuguldur,https://facebook.com/tuguldur,Үнэхээр гоё санагдсан шүү.,2026-05-09 14:00:00,14,,2026-05-09 15:00:00
97,11,C_00097,Tuguldur,https://facebook.com/tuguldur,Үүнтэй санал нийлэхгүй байна.,2026-05-24 03:00:00,35,,2026-05-24 04:00:00
98,376,C_00098,Tuguldur,https://facebook.com/tuguldur,Сайн тайлбарлажээ.,2026-05-13 22:00:00,38,13,2026-05-13 23:00:00
99,371,C_00099,Tengis,https://facebook.com/tengis,Маш сонирхолтой мэдээлэл байна.,2026-05-16 12:00:00,41,,2026-05-16 13:00:00
100,249,C_00100,Odbayar,https://facebook.com/odbayar,Маш сонирхолтой мэдээлэл байна.,2026-05-20 19:00:00,10,,2026-05-20 20:00:00
101,15,C_00101,Gantulga,https://facebook.com/gantulga,Маш сонирхолтой мэдээлэл байна.,2026-05-17 19:00:00,44,,2026-05-17 20:00:00
102,78,C_00102,Tuguldur,https://facebook.com/tuguldur,Хэрэгжүүлж үзнэ ээ.,2026-05-15 00:00:00,42,,2026-05-15 01:00:00
103,74,C_00103,Sarnai,https://facebook.com/sarnai,Хэрэгтэй зөвлөгөө байна баярлалаа.,2026-05-11 21:00:00,32,,2026-05-11 22:00:00
104,54,C_00104,Tengis,https://facebook.com/tengis,"Асуух зүйл байна, dm шалгаарай.",2026-05-23 14:00:00,27,,2026-05-23 15:00:00
105,176,C_00105,Bat-Erdene,https://facebook.com/bat-erdene,Сайн тайлбарлажээ.,2026-05-08 20:00:00,2,,2026-05-08 21:00:00
106,128,C_00106,Anu,https://facebook.com/anu,Энэ талаар дэлгэрэнгүй хаанаас уншиж болох вэ?,2026-05-25 17:00:00,43,49,2026-05-25 18:00:00
107,185,C_00107,Anu,https://facebook.com/anu,Гайхалтай!,2026-05-14 00:00:00,14,,2026-05-14 01:00:00
108,3,C_00108,Sarnai,https://facebook.com/sarnai,Энэ талаар дэлгэрэнгүй хаанаас уншиж болох вэ?,2026-05-24 10:00:00,16,,2026-05-24 11:00:00
109,361,C_00109,Bat-Erdene,https://facebook.com/bat-erdene,Дараагийн пост хэзээ орох вэ?,2026-05-10 21:00:00,39,11,2026-05-10 22:00:00
110,162,C_00110,Sarnai,https://facebook.com/sarnai,Хэрэгжүүлж үзнэ ээ.,2026-05-26 03:00:00,23,,2026-05-26 04:00:00
111,316,C_00111,Tengis,https://facebook.com/tengis,Хэрэгтэй зөвлөгөө байна баярлалаа.,2026-05-17 22:00:00,3,,2026-05-17 23:00:00
112,397,C_00112,Khuslen,https://facebook.com/khuslen,Хэрэгтэй зөвлөгөө байна баярлалаа.,2026-05-14 05:00:00,0,,2026-05-14 06:00:00
113,282,C_00113,Anu,https://facebook.com/anu,"Асуух зүйл байна, dm шалгаарай.",2026-05-10 06:00:00,42,,2026-05-10 07:00:00
114,490,C_00114,Nomin,https://facebook.com/nomin,Энэ талаар дэлгэрэнгүй хаанаас уншиж болох вэ?,2026-05-21 06:00:00,32,,2026-05-21 07:00:00
115,483,C_00115,Anu,https://facebook.com/anu,Энэ талаар дэлгэрэнгүй хаанаас уншиж болох вэ?,2026-05-11 04:00:00,30,,2026-05-11 05:00:00
116,27,C_00116,Bat-Erdene,https://facebook.com/bat-erdene,Энэ талаар дэлгэрэнгүй хаанаас уншиж болох вэ?,2026-05-06 16:00:00,7,,2026-05-06 17:00:00
117,367,C_00117,Nomin,https://facebook.com/nomin,"Асуух зүйл байна, dm шалгаарай.",2026-05-15 00:00:00,13,,2026-05-15 01:00:00
118,455,C_00118,Sarnai,https://facebook.com/sarnai,Энэ талаар дэлгэрэнгүй хаанаас уншиж болох вэ?,2026-05-26 09:00:00,7,,2026-05-26 10:00:00
119,103,C_00119,Khuslen,https://facebook.com/khuslen,Хэрэгжүүлж үзнэ ээ.,2026-05-18 20:00:00,32,,2026-05-18 21:00:00
120,357,C_00120,Gantulga,https://facebook.com/gantulga,"Асуух зүйл байна, dm шалгаарай.",2026-05-11 09:00:00,45,,2026-05-11 10:00:00
121,324,C_00121,Sarnai,https://facebook.com/sarnai,Хэрэгтэй зөвлөгөө байна баярлалаа.,2026-05-21 11:00:00,13,,2026-05-21 12:00:00
122,121,C_00122,Bat-Erdene,https://facebook.com/bat-erdene,Дараагийн пост хэзээ орох вэ?,2026-05-14 04:00:00,43,,2026-05-14 05:00:00
123,28,C_00123,Tuguldur,https://facebook.com/tuguldur,Энэ талаар дэлгэрэнгүй хаанаас уншиж болох вэ?,2026-05-14 04:00:00,46,92,2026-05-14 05:00:00
124,271,C_00124,Nomin,https://facebook.com/nomin,Үнэхээр гоё санагдсан шүү.,2026-05-09 12:00:00,23,,2026-05-09 13:00:00
125,423,C_00125,Tengis,https://facebook.com/tengis,Сайн тайлбарлажээ.,2026-05-11 11:00:00,40,,2026-05-11 12:00:00
126,9,C_00126,Anu,https://facebook.com/anu,"Асуух зүйл байна, dm шалгаарай.",2026-05-12 10:00:00,34,114,2026-05-12 11:00:00
127,327,C_00127,Sarnai,https://facebook.com/sarnai,Сайн тайлбарлажээ.,2026-05-10 03:00:00,29,,2026-05-10 04:00:00
128,5,C_00128,Tuguldur,https://facebook.com/tuguldur,Маш сонирхолтой мэдээлэл байна.,2026-05-12 19:00:00,21,,2026-05-12 20:00:00
129,21,C_00129,Tuguldur,https://facebook.com/tuguldur,Дараагийн пост хэзээ орох вэ?,2026-05-22 06:00:00,45,,2026-05-22 07:00:00
130,184,C_00130,Odbayar,https://facebook.com/odbayar,Үнэхээр гоё санагдсан шүү.,2026-05-12 10:00:00,20,,2026-05-12 11:00:00
131,433,C_00131,Bat-Erdene,https://facebook.com/bat-erdene,"Асуух зүйл байна, dm шалгаарай.",2026-05-16 14:00:00,44,,2026-05-16 15:00:00
132,369,C_00132,Sarnai,https://facebook.com/sarnai,Үүнтэй санал нийлэхгүй байна.,2026-05-13 17:00:00,0,56,2026-05-13 18:00:00
133,100,C_00133,Tuguldur,https://facebook.com/tuguldur,Хэрэгжүүлж үзнэ ээ.,2026-05-10 04:00:00,12,,2026-05-10 05:00:00
134,232,C_00134,Sarnai,https://facebook.com/sarnai,Хэрэгтэй зөвлөгөө байна баярлалаа.,2026-05-20 00:00:00,13,,2026-05-20 01:00:00
135,187,C_00135,Anu,https://facebook.com/anu,Сайн тайлбарлажээ.,2026-05-16 10:00:00,9,,2026-05-16 11:00:00
136,87,C_00136,Odbayar,https://facebook.com/odbayar,Сайн тайлбарлажээ.,2026-05-12 05:00:00,39,,2026-05-12 06:00:00
137,259,C_00137,Tuguldur,https://facebook.com/tuguldur,Үнэхээр гоё санагдсан шүү.,2026-05-07 21:00:00,41,,2026-05-07 22:00:00
138,426,C_00138,Khuslen,https://facebook.com/khuslen,Маш сонирхолтой мэдээлэл байна.,2026-05-25 20:00:00,37,,2026-05-25 21:00:00
139,13,C_00139,Tengis,https://facebook.com/tengis,Дараагийн пост хэзээ орох вэ?,2026-05-13 18:00:00,12,,2026-05-13 19:00:00
140,441,C_00140,Odbayar,https://facebook.com/odbayar,Хэрэгтэй зөвлөгөө байна баярлалаа.,2026-05-06 07:00:00,18,,2026-05-06 08:00:00
141,346,C_00141,Maral,https://facebook.com/maral,Гайхалтай!,2026-05-21 15:00:00,24,72,2026-05-21 16:00:00
142,52,C_00142,Gantulga,https://facebook.com/gantulga,Гайхалтай!,2026-05-07 13:00:00,24,,2026-05-07 14:00:00
143,10,C_00143,Tuguldur,https://facebook.com/tuguldur,Гайхалтай!,2026-05-11 10:00:00,19,95,2026-05-11 11:00:00
144,496,C_00144,Nomin,https://facebook.com/nomin,"Асуух зүйл байна, dm шалгаарай.",2026-05-18 20:00:00,35,1,2026-05-18 21:00:00
145,290,C_00145,Gantulga,https://facebook.com/gantulga,Маш сонирхолтой мэдээлэл байна.,2026-05-24 18:00:00,21,134,2026-05-24 19:00:00
146,467,C_00146,Tengis,https://facebook.com/tengis,Хэрэгтэй зөвлөгөө байна баярлалаа.,2026-05-13 15:00:00,33,,2026-05-13 16:00:00
147,411,C_00147,Anu,https://facebook.com/anu,Сайн тайлбарлажээ.,2026-05-07 21:00:00,37,,2026-05-07 22:00:00
148,234,C_00148,Tengis,https://facebook.com/tengis,Дараагийн пост хэзээ орох вэ?,2026-05-19 03:00:00,19,,2026-05-19 04:00:00
149,284,C_00149,Sarnai,https://facebook.com/sarnai,Хэрэгжүүлж үзнэ ээ.,2026-05-18 21:00:00,35,,2026-05-18 22:00:00
150,402,C_00150,Odbayar,https://facebook.com/odbayar,Энэ талаар дэлгэрэнгүй хаанаас уншиж болох вэ?,2026-05-06 05:00:00,45,118,2026-05-06 06:00:00
151,285,C_00151,Odbayar,https://facebook.com/odbayar,Үүнтэй санал нийлэхгүй байна.,2026-05-25 11:00:00,21,,2026-05-25 12:00:00
152,69,C_00152,Odbayar,https://facebook.com/odbayar,Дараагийн пост хэзээ орох вэ?,2026-05-06 13:00:00,5,,2026-05-06 14:00:00
153,347,C_00153,Bat-Erdene,https://facebook.com/bat-erdene,Энэ талаар дэлгэрэнгүй хаанаас уншиж болох вэ?,2026-05-18 07:00:00,6,65,2026-05-18 08:00:00
154,141,C_00154,Gantulga,https://facebook.com/gantulga,Маш сонирхолтой мэдээлэл байна.,2026-05-24 12:00:00,2,,2026-05-24 13:00:00
155,105,C_00155,Maral,https://facebook.com/maral,Хэрэгжүүлж үзнэ ээ.,2026-05-15 10:00:00,7,,2026-05-15 11:00:00
156,76,C_00156,Tuguldur,https://facebook.com/tuguldur,Хэрэгтэй зөвлөгөө байна баярлалаа.,2026-05-16 23:00:00,25,,2026-05-17 00:00:00
157,131,C_00157,Sarnai,https://facebook.com/sarnai,Үүнтэй санал нийлэхгүй байна.,2026-05-10 02:00:00,29,,2026-05-10 03:00:00
158,120,C_00158,Odbayar,https://facebook.com/odbayar,Маш сонирхолтой мэдээлэл байна.,2026-05-21 13:00:00,49,,2026-05-21 14:00:00
159,324,C_00159,Nomin,https://facebook.com/nomin,Гайхалтай!,2026-05-10 05:00:00,47,,2026-05-10 06:00:00
160,420,C_00160,Anu,https://facebook.com/anu,Хэрэгтэй зөвлөгөө байна баярлалаа.,2026-05-20 17:00:00,23,,2026-05-20 18:00:00
161,105,C_00161,Nomin,https://facebook.com/nomin,Энэ талаар дэлгэрэнгүй хаанаас уншиж болох вэ?,2026-05-25 01:00:00,45,109,2026-05-25 02:00:00
162,10,C_00162,Tengis,https://facebook.com/tengis,Гайхалтай!,2026-05-24 01:00:00,45,,2026-05-24 02:00:00
163,22,C_00163,Bat-Erdene,https://facebook.com/bat-erdene,Дараагийн пост хэзээ орох вэ?,2026-05-11 23:00:00,37,34,2026-05-12 00:00:00
164,455,C_00164,Nomin,https://facebook.com/nomin,Гайхалтай!,2026-05-09 11:00:00,29,79,2026-05-09 12:00:00
165,221,C_00165,Odbayar,https://facebook.com/odbayar,Сайн тайлбарлажээ.,2026-05-14 00:00:00,9,148,2026-05-14 01:00:00
166,156,C_00166,Khuslen,https://facebook.com/khuslen,Хэрэгжүүлж үзнэ ээ.,2026-05-13 02:00:00,50,,2026-05-13 03:00:00
167,129,C_00167,Khuslen,https://facebook.com/khuslen,Маш сонирхолтой мэдээлэл байна.,2026-05-20 18:00:00,41,,2026-05-20 19:00:00
168,363,C_00168,Odbayar,https://facebook.com/odbayar,Хэрэгтэй зөвлөгөө байна баярлалаа.,2026-05-17 22:00:00,13,,2026-05-17 23:00:00
169,172,C_00169,Anu,https://facebook.com/anu,Хэрэгжүүлж үзнэ ээ.,2026-05-16 15:00:00,46,,2026-05-16 16:00:00
170,394,C_00170,Maral,https://facebook.com/maral,Хэрэгтэй зөвлөгөө байна баярлалаа.,2026-05-12 07:00:00,4,,2026-05-12 08:00:00
171,495,C_00171,Bat-Erdene,https://facebook.com/bat-erdene,Үнэхээр гоё санагдсан шүү.,2026-05-20 20:00:00,20,,2026-05-20 21:00:00
172,331,C_00172,Odbayar,https://facebook.com/odbayar,"Асуух зүйл байна, dm шалгаарай.",2026-05-07 04:00:00,21,92,2026-05-07 05:00:00
173,454,C_00173,Anu,https://facebook.com/anu,Үүнтэй санал нийлэхгүй байна.,2026-05-15 20:00:00,41,,2026-05-15 21:00:00
174,462,C_00174,Anu,https://facebook.com/anu,Үнэхээр гоё санагдсан шүү.,2026-05-06 06:00:00,36,,2026-05-06 07:00:00
175,277,C_00175,Nomin,https://facebook.com/nomin,"Асуух зүйл байна, dm шалгаарай.",2026-05-22 12:00:00,6,12,2026-05-22 13:00:00
176,135,C_00176,Odbayar,https://facebook.com/odbayar,Энэ талаар дэлгэрэнгүй хаанаас уншиж болох вэ?,2026-05-25 06:00:00,14,,2026-05-25 07:00:00
177,258,C_00177,Sarnai,https://facebook.com/sarnai,Үнэхээр гоё санагдсан шүү.,2026-05-07 16:00:00,46,,2026-05-07 17:00:00
178,226,C_00178,Anu,https://facebook.com/anu,Дараагийн пост хэзээ орох вэ?,2026-05-08 22:00:00,22,88,2026-05-08 23:00:00
179,127,C_00179,Anu,https://facebook.com/anu,Үүнтэй санал нийлэхгүй байна.,2026-05-08 12:00:00,12,,2026-05-08 13:00:00
180,282,C_00180,Tengis,https://facebook.com/tengis,Хэрэгжүүлж үзнэ ээ.,2026-05-08 16:00:00,17,,2026-05-08 17:00:00
181,432,C_00181,Khuslen,https://facebook.com/khuslen,Хэрэгжүүлж үзнэ ээ.,2026-05-20 01:00:00,8,114,2026-05-20 02:00:00
182,469,C_00182,Maral,https://facebook.com/maral,Маш сонирхолтой мэдээлэл байна.,2026-05-17 22:00:00,4,,2026-05-17 23:00:00
183,478,C_00183,Anu,https://facebook.com/anu,Үүнтэй санал нийлэхгүй байна.,2026-05-24 12:00:00,27,,2026-05-24 13:00:00
184,385,C_00184,Gantulga,https://facebook.com/gantulga,Дараагийн пост хэзээ орох вэ?,2026-05-14 18:00:00,31,,2026-05-14 19:00:00
185,321,C_00185,Tuguldur,https://facebook.com/tuguldur,Сайн тайлбарлажээ.,2026-05-09 06:00:00,33,,2026-05-09 07:00:00
186,447,C_00186,Maral,https://facebook.com/maral,Маш сонирхолтой мэдээлэл байна.,2026-05-10 15:00:00,40,,2026-05-10 16:00:00
187,498,C_00187,Bat-Erdene,https://facebook.com/bat-erdene,Сайн тайлбарлажээ.,2026-05-19 18:00:00,29,84,2026-05-19 19:00:00
188,334,C_00188,Odbayar,https://facebook.com/odbayar,Гайхалтай!,2026-05-15 09:00:00,18,,2026-05-15 10:00:00
189,111,C_00189,Khuslen,https://facebook.com/khuslen,"Асуух зүйл байна, dm шалгаарай.",2026-05-24 18:00:00,2,,2026-05-24 19:00:00
190,424,C_00190,Anu,https://facebook.com/anu,Дараагийн пост хэзээ орох вэ?,2026-05-26 09:00:00,45,,2026-05-26 10:00:00
191,219,C_00191,Nomin,https://facebook.com/nomin,Сайн тайлбарлажээ.,2026-05-12 06:00:00,36,,2026-05-12 07:00:00
192,90,C_00192,Sarnai,https://facebook.com/sarnai,Дараагийн пост хэзээ орох вэ?,2026-05-23 15:00:00,35,,2026-05-23 16:00:00
193,408,C_00193,Bat-Erdene,https://facebook.com/bat-erdene,Хэрэгтэй зөвлөгөө байна баярлалаа.,2026-05-22 01:00:00,0,,2026-05-22 02:00:00
194,426,C_00194,Khuslen,https://facebook.com/khuslen,Хэрэгжүүлж үзнэ ээ.,2026-05-14 08:00:00,37,,2026-05-14 09:00:00
195,367,C_00195,Gantulga,https://facebook.com/gantulga,Гайхалтай!,2026-05-16 20:00:00,32,,2026-05-16 21:00:00
196,448,C_00196,Sarnai,https://facebook.com/sarnai,Гайхалтай!,2026-05-18 09:00:00,14,,2026-05-18 10:00:00
197,309,C_00197,Khuslen,https://facebook.com/khuslen,Сайн тайлбарлажээ.,2026-05-14 01:00:00,38,175,2026-05-14 02:00:00
198,3,C_00198,Tuguldur,https://facebook.com/tuguldur,Дараагийн пост хэзээ орох вэ?,2026-05-25 01:00:00,17,,2026-05-25 02:00:00
199,446,C_00199,Gantulga,https://facebook.com/gantulga,"Асуух зүйл байна, dm шалгаарай.",2026-05-20 07:00:00,43,83,2026-05-20 08:00:00
200,322,C_00200,Anu,https://facebook.com/anu,"Асуух зүйл байна, dm шалгаарай.",2026-05-13 10:00:00,21,,2026-05-13 11:00:00
201,56,C_00201,Khuslen,https://facebook.com/khuslen,Хэрэгжүүлж үзнэ ээ.,2026-05-08 22:00:00,46,,2026-05-08 23:00:00
202,341,C_00202,Tuguldur,https://facebook.com/tuguldur,"Асуух зүйл байна, dm шалгаарай.",2026-05-18 01:00:00,2,,2026-05-18 02:00:00
203,63,C_00203,Maral,https://facebook.com/maral,"Асуух зүйл байна, dm шалгаарай.",2026-05-12 01:00:00,41,,2026-05-12 02:00:00
204,201,C_00204,Nomin,https://facebook.com/nomin,Маш сонирхолтой мэдээлэл байна.,2026-05-08 07:00:00,40,,2026-05-08 08:00:00
205,398,C_00205,Nomin,https://facebook.com/nomin,Сайн тайлбарлажээ.,2026-05-17 05:00:00,29,,2026-05-17 06:00:00
206,256,C_00206,Sarnai,https://facebook.com/sarnai,Маш сонирхолтой мэдээлэл байна.,2026-05-12 06:00:00,46,,2026-05-12 07:00:00
207,24,C_00207,Tuguldur,https://facebook.com/tuguldur,Үүнтэй санал нийлэхгүй байна.,2026-05-23 15:00:00,15,145,2026-05-23 16:00:00
208,299,C_00208,Anu,https://facebook.com/anu,Хэрэгжүүлж үзнэ ээ.,2026-05-18 05:00:00,43,,2026-05-18 06:00:00
209,355,C_00209,Maral,https://facebook.com/maral,"Асуух зүйл байна, dm шалгаарай.",2026-05-08 00:00:00,45,,2026-05-08 01:00:00
210,154,C_00210,Khuslen,https://facebook.com/khuslen,Сайн тайлбарлажээ.,2026-05-23 06:00:00,23,,2026-05-23 07:00:00
211,216,C_00211,Sarnai,https://facebook.com/sarnai,Сайн тайлбарлажээ.,2026-05-21 19:00:00,48,165,2026-05-21 20:00:00
212,158,C_00212,Maral,https://facebook.com/maral,Үүнтэй санал нийлэхгүй байна.,2026-05-26 02:00:00,27,,2026-05-26 03:00:00
213,122,C_00213,Sarnai,https://facebook.com/sarnai,Үүнтэй санал нийлэхгүй байна.,2026-05-17 19:00:00,28,137,2026-05-17 20:00:00
214,285,C_00214,Sarnai,https://facebook.com/sarnai,Хэрэгжүүлж үзнэ ээ.,2026-05-21 12:00:00,42,,2026-05-21 13:00:00
215,201,C_00215,Khuslen,https://facebook.com/khuslen,Энэ талаар дэлгэрэнгүй хаанаас уншиж болох вэ?,2026-05-13 10:00:00,2,168,2026-05-13 11:00:00
216,439,C_00216,Tuguldur,https://facebook.com/tuguldur,Хэрэгтэй зөвлөгөө байна баярлалаа.,2026-05-14 09:00:00,38,,2026-05-14 10:00:00
217,319,C_00217,Odbayar,https://facebook.com/odbayar,Гайхалтай!,2026-05-11 22:00:00,16,,2026-05-11 23:00:00
218,176,C_00218,Khuslen,https://facebook.com/khuslen,"Асуух зүйл байна, dm шалгаарай.",2026-05-19 21:00:00,29,,2026-05-19 22:00:00
219,80,C_00219,Bat-Erdene,https://facebook.com/bat-erdene,Маш сонирхолтой мэдээлэл байна.,2026-05-12 09:00:00,20,,2026-05-12 10:00:00
220,398,C_00220,Maral,https://facebook.com/maral,Хэрэгтэй зөвлөгөө байна баярлалаа.,2026-05-17 23:00:00,3,,2026-05-18 00:00:00
221,427,C_00221,Odbayar,https://facebook.com/odbayar,Үнэхээр гоё санагдсан шүү.,2026-05-09 16:00:00,3,,2026-05-09 17:00:00
222,92,C_00222,Nomin,https://facebook.com/nomin,Үнэхээр гоё санагдсан шүү.,2026-05-14 05:00:00,13,,2026-05-14 06:00:00
223,332,C_00223,Tengis,https://facebook.com/tengis,Сайн тайлбарлажээ.,2026-05-06 23:00:00,32,,2026-05-07 00:00:00
224,471,C_00224,Tuguldur,https://facebook.com/tuguldur,Үүнтэй санал нийлэхгүй байна.,2026-05-19 11:00:00,31,,2026-05-19 12:00:00
225,156,C_00225,Anu,https://facebook.com/anu,Дараагийн пост хэзээ орох вэ?,2026-05-07 13:00:00,14,,2026-05-07 14:00:00
226,282,C_00226,Maral,https://facebook.com/maral,Хэрэгтэй зөвлөгөө байна баярлалаа.,2026-05-18 15:00:00,7,,2026-05-18 16:00:00
227,218,C_00227,Maral,https://facebook.com/maral,Үнэхээр гоё санагдсан шүү.,2026-05-18 22:00:00,45,,2026-05-18 23:00:00
228,383,C_00228,Khuslen,https://facebook.com/khuslen,Үүнтэй санал нийлэхгүй байна.,2026-05-19 14:00:00,8,,2026-05-19 15:00:00
229,111,C_00229,Sarnai,https://facebook.com/sarnai,Дараагийн пост хэзээ орох вэ?,2026-05-26 04:00:00,15,200,2026-05-26 05:00:00
230,360,C_00230,Tengis,https://facebook.com/tengis,Энэ талаар дэлгэрэнгүй хаанаас уншиж болох вэ?,2026-05-08 20:00:00,4,,2026-05-08 21:00:00
231,472,C_00231,Odbayar,https://facebook.com/odbayar,Хэрэгжүүлж үзнэ ээ.,2026-05-21 04:00:00,45,,2026-05-21 05:00:00
232,60,C_00232,Sarnai,https://facebook.com/sarnai,"Асуух зүйл байна, dm шалгаарай.",2026-05-20 02:00:00,13,,2026-05-20 03:00:00
233,378,C_00233,Tengis,https://facebook.com/tengis,Энэ талаар дэлгэрэнгүй хаанаас уншиж болох вэ?,2026-05-17 03:00:00,5,,2026-05-17 04:00:00
234,48,C_00234,Bat-Erdene,https://facebook.com/bat-erdene,Сайн тайлбарлажээ.,2026-05-21 09:00:00,28,,2026-05-21 10:00:00
235,198,C_00235,Tengis,https://facebook.com/tengis,Маш сонирхолтой мэдээлэл байна.,2026-05-17 20:00:00,26,,2026-05-17 21:00:00
236,349,C_00236,Gantulga,https://facebook.com/gantulga,Хэрэгтэй зөвлөгөө байна баярлалаа.,2026-05-24 19:00:00,26,,2026-05-24 20:00:00
237,411,C_00237,Khuslen,https://facebook.com/khuslen,Энэ талаар дэлгэрэнгүй хаанаас уншиж болох вэ?,2026-05-09 00:00:00,24,,2026-05-09 01:00:00
238,398,C_00238,Odbayar,https://facebook.com/odbayar,Хэрэгтэй зөвлөгөө байна баярлалаа.,2026-05-17 22:00:00,34,,2026-05-17 23:00:00
239,116,C_00239,Maral,https://facebook.com/maral,Энэ талаар дэлгэрэнгүй хаанаас уншиж болох вэ?,2026-05-22 07:00:00,34,12,2026-05-22 08:00:00
240,405,C_00240,Maral,https://facebook.com/maral,Үнэхээр гоё санагдсан шүү.,2026-05-15 14:00:00,42,,2026-05-15 15:00:00
241,140,C_00241,Bat-Erdene,https://facebook.com/bat-erdene,Гайхалтай!,2026-05-07 01:00:00,19,,2026-05-07 02:00:00
242,478,C_00242,Odbayar,https://facebook.com/odbayar,Хэрэгтэй зөвлөгөө байна баярлалаа.,2026-05-21 06:00:00,26,,2026-05-21 07:00:00
243,144,C_00243,Bat-Erdene,https://facebook.com/bat-erdene,Хэрэгжүүлж үзнэ ээ.,2026-05-10 20:00:00,30,,2026-05-10 21:00:00
244,361,C_00244,Bat-Erdene,https://facebook.com/bat-erdene,Дараагийн пост хэзээ орох вэ?,2026-05-09 13:00:00,42,,2026-05-09 14:00:00
245,485,C_00245,Odbayar,https://facebook.com/odbayar,"Асуух зүйл байна, dm шалгаарай.",2026-05-11 22:00:00,17,,2026-05-11 23:00:00
246,197,C_00246,Bat-Erdene,https://facebook.com/bat-erdene,"Асуух зүйл байна, dm шалгаарай.",2026-05-26 11:00:00,22,231,2026-05-26 12:00:00
247,490,C_00247,Anu,https://facebook.com/anu,Сайн тайлбарлажээ.,2026-05-11 02:00:00,42,,2026-05-11 03:00:00
248,126,C_00248,Gantulga,https://facebook.com/gantulga,Үүнтэй санал нийлэхгүй байна.,2026-05-19 17:00:00,13,,2026-05-19 18:00:00
249,448,C_00249,Tengis,https://facebook.com/tengis,"Асуух зүйл байна, dm шалгаарай.",2026-05-13 17:00:00,3,,2026-05-13 18:00:00
250,345,C_00250,Sarnai,https://facebook.com/sarnai,Энэ талаар дэлгэрэнгүй хаанаас уншиж болох вэ?,2026-05-08 13:00:00,9,158,2026-05-08 14:00:00
251,287,C_00251,Tengis,https://facebook.com/tengis,Хэрэгтэй зөвлөгөө байна баярлалаа.,2026-05-13 09:00:00,13,,2026-05-13 10:00:00
252,346,C_00252,Anu,https://facebook.com/anu,Үүнтэй санал нийлэхгүй байна.,2026-05-20 04:00:00,39,142,2026-05-20 05:00:00
253,188,C_00253,Sarnai,https://facebook.com/sarnai,Үнэхээр гоё санагдсан шүү.,2026-05-23 16:00:00,39,,2026-05-23 17:00:00
254,435,C_00254,Sarnai,https://facebook.com/sarnai,"Асуух зүйл байна, dm шалгаарай.",2026-05-14 14:00:00,25,,2026-05-14 15:00:00
255,363,C_00255,Sarnai,https://facebook.com/sarnai,Энэ талаар дэлгэрэнгүй хаанаас уншиж болох вэ?,2026-05-16 10:00:00,24,,2026-05-16 11:00:00
256,227,C_00256,Sarnai,https://facebook.com/sarnai,Маш сонирхолтой мэдээлэл байна.,2026-05-07 11:00:00,40,,2026-05-07 12:00:00
257,231,C_00257,Khuslen,https://facebook.com/khuslen,Маш сонирхолтой мэдээлэл байна.,2026-05-22 03:00:00,28,203,2026-05-22 04:00:00
258,222,C_00258,Anu,https://facebook.com/anu,Энэ талаар дэлгэрэнгүй хаанаас уншиж болох вэ?,2026-05-07 23:00:00,31,,2026-05-08 00:00:00
259,46,C_00259,Tengis,https://facebook.com/tengis,"Асуух зүйл байна, dm шалгаарай.",2026-05-10 00:00:00,45,,2026-05-10 01:00:00
260,165,C_00260,Anu,https://facebook.com/anu,Дараагийн пост хэзээ орох вэ?,2026-05-21 17:00:00,36,,2026-05-21 18:00:00
261,266,C_00261,Bat-Erdene,https://facebook.com/bat-erdene,Маш сонирхолтой мэдээлэл байна.,2026-05-26 18:00:00,27,209,2026-05-26 19:00:00
262,484,C_00262,Khuslen,https://facebook.com/khuslen,Гайхалтай!,2026-05-23 03:00:00,49,,2026-05-23 04:00:00
263,219,C_00263,Sarnai,https://facebook.com/sarnai,Гайхалтай!,2026-05-22 19:00:00,13,141,2026-05-22 20:00:00
264,331,C_00264,Anu,https://facebook.com/anu,Маш сонирхолтой мэдээлэл байна.,2026-05-13 18:00:00,25,,2026-05-13 19:00:00
265,143,C_00265,Maral,https://facebook.com/maral,Хэрэгтэй зөвлөгөө байна баярлалаа.,2026-05-12 14:00:00,9,143,2026-05-12 15:00:00
266,435,C_00266,Tuguldur,https://facebook.com/tuguldur,Сайн тайлбарлажээ.,2026-05-12 14:00:00,47,,2026-05-12 15:00:00
267,106,C_00267,Tuguldur,https://facebook.com/tuguldur,Гайхалтай!,2026-05-22 11:00:00,43,,2026-05-22 12:00:00
268,211,C_00268,Tuguldur,https://facebook.com/tuguldur,Энэ талаар дэлгэрэнгүй хаанаас уншиж болох вэ?,2026-05-23 11:00:00,10,,2026-05-23 12:00:00
269,94,C_00269,Bat-Erdene,https://facebook.com/bat-erdene,Дараагийн пост хэзээ орох вэ?,2026-05-14 12:00:00,14,,2026-05-14 13:00:00
270,440,C_00270,Bat-Erdene,https://facebook.com/bat-erdene,Дараагийн пост хэзээ орох вэ?,2026-05-20 17:00:00,0,68,2026-05-20 18:00:00
271,239,C_00271,Maral,https://facebook.com/maral,Үүнтэй санал нийлэхгүй байна.,2026-05-17 13:00:00,3,,2026-05-17 14:00:00
272,174,C_00272,Tuguldur,https://facebook.com/tuguldur,Сайн тайлбарлажээ.,2026-05-22 12:00:00,21,,2026-05-22 13:00:00
273,483,C_00273,Khuslen,https://facebook.com/khuslen,Сайн тайлбарлажээ.,2026-05-08 16:00:00,18,235,2026-05-08 17:00:00
274,220,C_00274,Khuslen,https://facebook.com/khuslen,Хэрэгжүүлж үзнэ ээ.,2026-05-07 12:00:00,22,,2026-05-07 13:00:00
275,362,C_00275,Sarnai,https://facebook.com/sarnai,Үүнтэй санал нийлэхгүй байна.,2026-05-14 10:00:00,19,,2026-05-14 11:00:00
276,23,C_00276,Nomin,https://facebook.com/nomin,Сайн тайлбарлажээ.,2026-05-10 09:00:00,49,,2026-05-10 10:00:00
277,323,C_00277,Tuguldur,https://facebook.com/tuguldur,Маш сонирхолтой мэдээлэл байна.,2026-05-26 09:00:00,45,,2026-05-26 10:00:00
278,7,C_00278,Tengis,https://facebook.com/tengis,Хэрэгжүүлж үзнэ ээ.,2026-05-24 20:00:00,48,,2026-05-24 21:00:00
279,435,C_00279,Maral,https://facebook.com/maral,Үүнтэй санал нийлэхгүй байна.,2026-05-26 22:00:00,23,109,2026-05-26 23:00:00
280,427,C_00280,Tuguldur,https://facebook.com/tuguldur,Маш сонирхолтой мэдээлэл байна.,2026-05-08 12:00:00,37,131,2026-05-08 13:00:00
281,158,C_00281,Gantulga,https://facebook.com/gantulga,"Асуух зүйл байна, dm шалгаарай.",2026-05-14 11:00:00,43,,2026-05-14 12:00:00
282,310,C_00282,Tuguldur,https://facebook.com/tuguldur,Хэрэгжүүлж үзнэ ээ.,2026-05-25 18:00:00,0,,2026-05-25 19:00:00
283,461,C_00283,Khuslen,https://facebook.com/khuslen,"Асуух зүйл байна, dm шалгаарай.",2026-05-10 16:00:00,32,223,2026-05-10 17:00:00
284,4,C_00284,Gantulga,https://facebook.com/gantulga,Хэрэгтэй зөвлөгөө байна баярлалаа.,2026-05-07 18:00:00,12,,2026-05-07 19:00:00
285,29,C_00285,Anu,https://facebook.com/anu,Дараагийн пост хэзээ орох вэ?,2026-05-13 00:00:00,17,,2026-05-13 01:00:00
286,140,C_00286,Odbayar,https://facebook.com/odbayar,Дараагийн пост хэзээ орох вэ?,2026-05-22 01:00:00,33,,2026-05-22 02:00:00
287,154,C_00287,Sarnai,https://facebook.com/sarnai,Хэрэгтэй зөвлөгөө байна баярлалаа.,2026-05-20 13:00:00,42,,2026-05-20 14:00:00
288,263,C_00288,Nomin,https://facebook.com/nomin,"Асуух зүйл байна, dm шалгаарай.",2026-05-14 10:00:00,8,,2026-05-14 11:00:00
289,77,C_00289,Tuguldur,https://facebook.com/tuguldur,Гайхалтай!,2026-05-12 21:00:00,9,247,2026-05-12 22:00:00
290,424,C_00290,Anu,https://facebook.com/anu,Үүнтэй санал нийлэхгүй байна.,2026-05-07 22:00:00,40,,2026-05-07 23:00:00
291,468,C_00291,Odbayar,https://facebook.com/odbayar,Маш сонирхолтой мэдээлэл байна.,2026-05-22 06:00:00,17,221,2026-05-22 07:00:00
292,204,C_00292,Khuslen,https://facebook.com/khuslen,Сайн тайлбарлажээ.,2026-05-17 15:00:00,47,,2026-05-17 16:00:00
293,425,C_00293,Khuslen,https://facebook.com/khuslen,Хэрэгжүүлж үзнэ ээ.,2026-05-12 23:00:00,8,,2026-05-13 00:00:00
294,410,C_00294,Gantulga,https://facebook.com/gantulga,Дараагийн пост хэзээ орох вэ?,2026-05-09 20:00:00,6,100,2026-05-09 21:00:00
295,186,C_00295,Sarnai,https://facebook.com/sarnai,Хэрэгтэй зөвлөгөө байна баярлалаа.,2026-05-20 14:00:00,16,209,2026-05-20 15:00:00
296,295,C_00296,Tuguldur,https://facebook.com/tuguldur,Дараагийн пост хэзээ орох вэ?,2026-05-25 04:00:00,36,122,2026-05-25 05:00:00
297,268,C_00297,Bat-Erdene,https://facebook.com/bat-erdene,Энэ талаар дэлгэрэнгүй хаанаас уншиж болох вэ?,2026-05-25 22:00:00,45,288,2026-05-25 23:00:00
298,31,C_00298,Bat-Erdene,https://facebook.com/bat-erdene,Энэ талаар дэлгэрэнгүй хаанаас уншиж болох вэ?,2026-05-11 22:00:00,50,,2026-05-11 23:00:00
299,47,C_00299,Anu,https://facebook.com/anu,Үнэхээр гоё санагдсан шүү.,2026-05-18 03:00:00,48,,2026-05-18 04:00:00
300,418,C_00300,Anu,https://facebook.com/anu,Сайн тайлбарлажээ.,2026-05-06 22:00:00,40,,2026-05-06 23:00:00
301,474,C_00301,Maral,https://facebook.com/maral,"Асуух зүйл байна, dm шалгаарай.",2026-05-25 22:00:00,39,,2026-05-25 23:00:00
302,485,C_00302,Khuslen,https://facebook.com/khuslen,Хэрэгтэй зөвлөгөө байна баярлалаа.,2026-05-08 06:00:00,36,,2026-05-08 07:00:00
303,205,C_00303,Khuslen,https://facebook.com/khuslen,Хэрэгтэй зөвлөгөө байна баярлалаа.,2026-05-23 07:00:00,18,,2026-05-23 08:00:00
304,241,C_00304,Anu,https://facebook.com/anu,Гайхалтай!,2026-05-12 05:00:00,4,,2026-05-12 06:00:00
305,156,C_00305,Gantulga,https://facebook.com/gantulga,Хэрэгтэй зөвлөгөө байна баярлалаа.,2026-05-25 12:00:00,17,,2026-05-25 13:00:00
306,84,C_00306,Maral,https://facebook.com/maral,Маш сонирхолтой мэдээлэл байна.,2026-05-20 01:00:00,14,,2026-05-20 02:00:00
307,242,C_00307,Bat-Erdene,https://facebook.com/bat-erdene,Хэрэгжүүлж үзнэ ээ.,2026-05-26 23:00:00,15,,2026-05-27 00:00:00
308,155,C_00308,Nomin,https://facebook.com/nomin,Сайн тайлбарлажээ.,2026-05-25 11:00:00,20,,2026-05-25 12:00:00
309,110,C_00309,Tengis,https://facebook.com/tengis,Сайн тайлбарлажээ.,2026-05-22 16:00:00,41,,2026-05-22 17:00:00
310,311,C_00310,Bat-Erdene,https://facebook.com/bat-erdene,Сайн тайлбарлажээ.,2026-05-23 11:00:00,20,,2026-05-23 12:00:00
311,346,C_00311,Gantulga,https://facebook.com/gantulga,Гайхалтай!,2026-05-20 04:00:00,17,,2026-05-20 05:00:00
312,58,C_00312,Tengis,https://facebook.com/tengis,Хэрэгтэй зөвлөгөө байна баярлалаа.,2026-05-11 19:00:00,15,233,2026-05-11 20:00:00
313,66,C_00313,Gantulga,https://facebook.com/gantulga,Үнэхээр гоё санагдсан шүү.,2026-05-18 03:00:00,4,,2026-05-18 04:00:00
314,157,C_00314,Odbayar,https://facebook.com/odbayar,Үүнтэй санал нийлэхгүй байна.,2026-05-06 15:00:00,11,,2026-05-06 16:00:00
315,206,C_00315,Anu,https://facebook.com/anu,Дараагийн пост хэзээ орох вэ?,2026-05-14 04:00:00,46,,2026-05-14 05:00:00
316,137,C_00316,Gantulga,https://facebook.com/gantulga,Энэ талаар дэлгэрэнгүй хаанаас уншиж болох вэ?,2026-05-11 10:00:00,1,,2026-05-11 11:00:00
317,183,C_00317,Sarnai,https://facebook.com/sarnai,Үнэхээр гоё санагдсан шүү.,2026-05-11 15:00:00,10,,2026-05-11 16:00:00
318,148,C_00318,Sarnai,https://facebook.com/sarnai,Гайхалтай!,2026-05-13 23:00:00,12,,2026-05-14 00:00:00
319,189,C_00319,Tuguldur,https://facebook.com/tuguldur,Дараагийн пост хэзээ орох вэ?,2026-05-21 20:00:00,15,,2026-05-21 21:00:00
320,91,C_00320,Sarnai,https://facebook.com/sarnai,Хэрэгжүүлж үзнэ ээ.,2026-05-07 19:00:00,5,,2026-05-07 20:00:00
321,81,C_00321,Odbayar,https://facebook.com/odbayar,Сайн тайлбарлажээ.,2026-05-16 10:00:00,47,135,2026-05-16 11:00:00
322,313,C_00322,Odbayar,https://facebook.com/odbayar,Үнэхээр гоё санагдсан шүү.,2026-05-11 23:00:00,5,,2026-05-12 00:00:00
323,261,C_00323,Sarnai,https://facebook.com/sarnai,"Асуух зүйл байна, dm шалгаарай.",2026-05-11 08:00:00,10,,2026-05-11 09:00:00
324,337,C_00324,Khuslen,https://facebook.com/khuslen,Сайн тайлбарлажээ.,2026-05-17 05:00:00,14,,2026-05-17 06:00:00
325,343,C_00325,Bat-Erdene,https://facebook.com/bat-erdene,Маш сонирхолтой мэдээлэл байна.,2026-05-19 16:00:00,7,,2026-05-19 17:00:00
326,168,C_00326,Gantulga,https://facebook.com/gantulga,"Асуух зүйл байна, dm шалгаарай.",2026-05-18 23:00:00,49,29,2026-05-19 00:00:00
327,321,C_00327,Bat-Erdene,https://facebook.com/bat-erdene,Дараагийн пост хэзээ орох вэ?,2026-05-25 12:00:00,17,115,2026-05-25 13:00:00
328,417,C_00328,Khuslen,https://facebook.com/khuslen,Хэрэгжүүлж үзнэ ээ.,2026-05-11 04:00:00,29,,2026-05-11 05:00:00
329,177,C_00329,Bat-Erdene,https://facebook.com/bat-erdene,"Асуух зүйл байна, dm шалгаарай.",2026-05-16 20:00:00,12,,2026-05-16 21:00:00
330,186,C_00330,Nomin,https://facebook.com/nomin,Гайхалтай!,2026-05-21 01:00:00,44,,2026-05-21 02:00:00
331,498,C_00331,Khuslen,https://facebook.com/khuslen,Дараагийн пост хэзээ орох вэ?,2026-05-10 14:00:00,32,117,2026-05-10 15:00:00
332,360,C_00332,Gantulga,https://facebook.com/gantulga,"Асуух зүйл байна, dm шалгаарай.",2026-05-24 05:00:00,25,215,2026-05-24 06:00:00
333,419,C_00333,Odbayar,https://facebook.com/odbayar,Сайн тайлбарлажээ.,2026-05-11 03:00:00,42,,2026-05-11 04:00:00
334,69,C_00334,Sarnai,https://facebook.com/sarnai,Хэрэгжүүлж үзнэ ээ.,2026-05-25 15:00:00,29,166,2026-05-25 16:00:00
335,228,C_00335,Bat-Erdene,https://facebook.com/bat-erdene,Хэрэгтэй зөвлөгөө байна баярлалаа.,2026-05-20 02:00:00,50,,2026-05-20 03:00:00
336,229,C_00336,Nomin,https://facebook.com/nomin,"Асуух зүйл байна, dm шалгаарай.",2026-05-25 20:00:00,34,,2026-05-25 21:00:00
337,94,C_00337,Odbayar,https://facebook.com/odbayar,Сайн тайлбарлажээ.,2026-05-15 23:00:00,6,,2026-05-16 00:00:00
338,483,C_00338,Khuslen,https://facebook.com/khuslen,Үүнтэй санал нийлэхгүй байна.,2026-05-12 05:00:00,8,,2026-05-12 06:00:00
339,195,C_00339,Sarnai,https://facebook.com/sarnai,Дараагийн пост хэзээ орох вэ?,2026-05-16 10:00:00,8,115,2026-05-16 11:00:00
340,117,C_00340,Sarnai,https://facebook.com/sarnai,Сайн тайлбарлажээ.,2026-05-18 07:00:00,26,194,2026-05-18 08:00:00
341,58,C_00341,Bat-Erdene,https://facebook.com/bat-erdene,Үүнтэй санал нийлэхгүй байна.,2026-05-08 11:00:00,7,,2026-05-08 12:00:00
342,51,C_00342,Nomin,https://facebook.com/nomin,Хэрэгтэй зөвлөгөө байна баярлалаа.,2026-05-21 19:00:00,14,,2026-05-21 20:00:00
343,480,C_00343,Gantulga,https://facebook.com/gantulga,Дараагийн пост хэзээ орох вэ?,2026-05-09 07:00:00,21,177,2026-05-09 08:00:00
344,401,C_00344,Maral,https://facebook.com/maral,Энэ талаар дэлгэрэнгүй хаанаас уншиж болох вэ?,2026-05-07 05:00:00,27,272,2026-05-07 06:00:00
345,412,C_00345,Khuslen,https://facebook.com/khuslen,"Асуух зүйл байна, dm шалгаарай.",2026-05-19 02:00:00,2,,2026-05-19 03:00:00
346,100,C_00346,Bat-Erdene,https://facebook.com/bat-erdene,Маш сонирхолтой мэдээлэл байна.,2026-05-10 12:00:00,5,,2026-05-10 13:00:00
347,487,C_00347,Gantulga,https://facebook.com/gantulga,Гайхалтай!,2026-05-07 23:00:00,37,139,2026-05-08 00:00:00
348,461,C_00348,Gantulga,https://facebook.com/gantulga,Энэ талаар дэлгэрэнгүй хаанаас уншиж болох вэ?,2026-05-16 10:00:00,43,,2026-05-16 11:00:00
349,105,C_00349,Tuguldur,https://facebook.com/tuguldur,Гайхалтай!,2026-05-10 00:00:00,44,,2026-05-10 01:00:00
350,200,C_00350,Odbayar,https://facebook.com/odbayar,Сайн тайлбарлажээ.,2026-05-14 04:00:00,41,,2026-05-14 05:00:00
351,409,C_00351,Nomin,https://facebook.com/nomin,Хэрэгтэй зөвлөгөө байна баярлалаа.,2026-05-08 06:00:00,2,,2026-05-08 07:00:00
352,285,C_00352,Nomin,https://facebook.com/nomin,Үнэхээр гоё санагдсан шүү.,2026-05-25 09:00:00,40,,2026-05-25 10:00:00
353,367,C_00353,Nomin,https://facebook.com/nomin,Хэрэгжүүлж үзнэ ээ.,2026-05-23 10:00:00,36,178,2026-05-23 11:00:00
354,328,C_00354,Tengis,https://facebook.com/tengis,Хэрэгтэй зөвлөгөө байна баярлалаа.,2026-05-15 22:00:00,42,111,2026-05-15 23:00:00
355,236,C_00355,Odbayar,https://facebook.com/odbayar,Гайхалтай!,2026-05-09 23:00:00,7,,2026-05-10 00:00:00
356,391,C_00356,Nomin,https://facebook.com/nomin,Энэ талаар дэлгэрэнгүй хаанаас уншиж болох вэ?,2026-05-06 07:00:00,32,,2026-05-06 08:00:00
357,366,C_00357,Tengis,https://facebook.com/tengis,"Асуух зүйл байна, dm шалгаарай.",2026-05-16 17:00:00,8,259,2026-05-16 18:00:00
358,152,C_00358,Maral,https://facebook.com/maral,Дараагийн пост хэзээ орох вэ?,2026-05-14 23:00:00,43,,2026-05-15 00:00:00
359,221,C_00359,Maral,https://facebook.com/maral,Маш сонирхолтой мэдээлэл байна.,2026-05-17 06:00:00,19,94,2026-05-17 07:00:00
360,294,C_00360,Maral,https://facebook.com/maral,Хэрэгтэй зөвлөгөө байна баярлалаа.,2026-05-19 03:00:00,34,,2026-05-19 04:00:00
361,449,C_00361,Odbayar,https://facebook.com/odbayar,Хэрэгтэй зөвлөгөө байна баярлалаа.,2026-05-19 20:00:00,50,,2026-05-19 21:00:00
362,4,C_00362,Bat-Erdene,https://facebook.com/bat-erdene,Энэ талаар дэлгэрэнгүй хаанаас уншиж болох вэ?,2026-05-26 09:00:00,21,,2026-05-26 10:00:00
363,48,C_00363,Nomin,https://facebook.com/nomin,Хэрэгжүүлж үзнэ ээ.,2026-05-09 12:00:00,9,,2026-05-09 13:00:00
364,455,C_00364,Maral,https://facebook.com/maral,Сайн тайлбарлажээ.,2026-05-24 15:00:00,27,,2026-05-24 16:00:00
365,327,C_00365,Bat-Erdene,https://facebook.com/bat-erdene,Хэрэгжүүлж үзнэ ээ.,2026-05-20 23:00:00,20,,2026-05-21 00:00:00
366,261,C_00366,Odbayar,https://facebook.com/odbayar,Хэрэгжүүлж үзнэ ээ.,2026-05-25 10:00:00,26,,2026-05-25 11:00:00
367,3,C_00367,Sarnai,https://facebook.com/sarnai,Маш сонирхолтой мэдээлэл байна.,2026-05-06 00:00:00,10,,2026-05-06 01:00:00
368,443,C_00368,Odbayar,https://facebook.com/odbayar,Маш сонирхолтой мэдээлэл байна.,2026-05-26 21:00:00,38,,2026-05-26 22:00:00
369,347,C_00369,Khuslen,https://facebook.com/khuslen,Хэрэгтэй зөвлөгөө байна баярлалаа.,2026-05-09 22:00:00,5,,2026-05-09 23:00:00
370,237,C_00370,Anu,https://facebook.com/anu,Үүнтэй санал нийлэхгүй байна.,2026-05-22 18:00:00,7,,2026-05-22 19:00:00
371,166,C_00371,Nomin,https://facebook.com/nomin,Гайхалтай!,2026-05-12 01:00:00,16,99,2026-05-12 02:00:00
372,221,C_00372,Maral,https://facebook.com/maral,Сайн тайлбарлажээ.,2026-05-08 08:00:00,47,,2026-05-08 09:00:00
373,304,C_00373,Bat-Erdene,https://facebook.com/bat-erdene,"Асуух зүйл байна, dm шалгаарай.",2026-05-08 19:00:00,25,,2026-05-08 20:00:00
374,444,C_00374,Khuslen,https://facebook.com/khuslen,Энэ талаар дэлгэрэнгүй хаанаас уншиж болох вэ?,2026-05-19 12:00:00,4,,2026-05-19 13:00:00
375,325,C_00375,Tengis,https://facebook.com/tengis,"Асуух зүйл байна, dm шалгаарай.",2026-05-11 08:00:00,35,,2026-05-11 09:00:00
376,199,C_00376,Maral,https://facebook.com/maral,Дараагийн пост хэзээ орох вэ?,2026-05-11 17:00:00,15,,2026-05-11 18:00:00
377,102,C_00377,Odbayar,https://facebook.com/odbayar,Үнэхээр гоё санагдсан шүү.,2026-05-21 05:00:00,8,,2026-05-21 06:00:00
378,203,C_00378,Bat-Erdene,https://facebook.com/bat-erdene,Үүнтэй санал нийлэхгүй байна.,2026-05-23 00:00:00,38,,2026-05-23 01:00:00
379,289,C_00379,Khuslen,https://facebook.com/khuslen,Хэрэгтэй зөвлөгөө байна баярлалаа.,2026-05-14 08:00:00,30,,2026-05-14 09:00:00
380,37,C_00380,Gantulga,https://facebook.com/gantulga,Үүнтэй санал нийлэхгүй байна.,2026-05-14 12:00:00,25,,2026-05-14 13:00:00
381,91,C_00381,Odbayar,https://facebook.com/odbayar,Энэ талаар дэлгэрэнгүй хаанаас уншиж болох вэ?,2026-05-15 16:00:00,43,120,2026-05-15 17:00:00
382,135,C_00382,Bat-Erdene,https://facebook.com/bat-erdene,Энэ талаар дэлгэрэнгүй хаанаас уншиж болох вэ?,2026-05-20 03:00:00,32,,2026-05-20 04:00:00
383,43,C_00383,Tengis,https://facebook.com/tengis,Үүнтэй санал нийлэхгүй байна.,2026-05-11 12:00:00,21,,2026-05-11 13:00:00
384,431,C_00384,Nomin,https://facebook.com/nomin,Үнэхээр гоё санагдсан шүү.,2026-05-14 02:00:00,27,347,2026-05-14 03:00:00
385,415,C_00385,Tengis,https://facebook.com/tengis,Сайн тайлбарлажээ.,2026-05-14 08:00:00,37,,2026-05-14 09:00:00
386,80,C_00386,Khuslen,https://facebook.com/khuslen,Үүнтэй санал нийлэхгүй байна.,2026-05-16 14:00:00,47,141,2026-05-16 15:00:00
387,314,C_00387,Maral,https://facebook.com/maral,Энэ талаар дэлгэрэнгүй хаанаас уншиж болох вэ?,2026-05-06 12:00:00,48,,2026-05-06 13:00:00
388,72,C_00388,Odbayar,https://facebook.com/odbayar,Маш сонирхолтой мэдээлэл байна.,2026-05-21 20:00:00,32,70,2026-05-21 21:00:00
389,42,C_00389,Nomin,https://facebook.com/nomin,Маш сонирхолтой мэдээлэл байна.,2026-05-21 01:00:00,37,,2026-05-21 02:00:00
390,147,C_00390,Odbayar,https://facebook.com/odbayar,Сайн тайлбарлажээ.,2026-05-15 12:00:00,37,,2026-05-15 13:00:00
391,407,C_00391,Gantulga,https://facebook.com/gantulga,Маш сонирхолтой мэдээлэл байна.,2026-05-14 00:00:00,28,,2026-05-14 01:00:00
392,241,C_00392,Anu,https://facebook.com/anu,Дараагийн пост хэзээ орох вэ?,2026-05-19 02:00:00,48,147,2026-05-19 03:00:00
393,265,C_00393,Nomin,https://facebook.com/nomin,Сайн тайлбарлажээ.,2026-05-22 08:00:00,46,,2026-05-22 09:00:00
394,47,C_00394,Anu,https://facebook.com/anu,Хэрэгжүүлж үзнэ ээ.,2026-05-06 00:00:00,38,,2026-05-06 01:00:00
395,112,C_00395,Sarnai,https://facebook.com/sarnai,Сайн тайлбарлажээ.,2026-05-22 08:00:00,27,,2026-05-22 09:00:00
396,444,C_00396,Bat-Erdene,https://facebook.com/bat-erdene,Маш сонирхолтой мэдээлэл байна.,2026-05-07 12:00:00,35,,2026-05-07 13:00:00
397,4,C_00397,Anu,https://facebook.com/anu,Хэрэгтэй зөвлөгөө байна баярлалаа.,2026-05-07 23:00:00,41,,2026-05-08 00:00:00
398,394,C_00398,Khuslen,https://facebook.com/khuslen,"Асуух зүйл байна, dm шалгаарай.",2026-05-22 08:00:00,6,,2026-05-22 09:00:00
399,107,C_00399,Sarnai,https://facebook.com/sarnai,Хэрэгжүүлж үзнэ ээ.,2026-05-11 18:00:00,20,,2026-05-11 19:00:00
400,126,C_00400,Sarnai,https://facebook.com/sarnai,Маш сонирхолтой мэдээлэл байна.,2026-05-26 04:00:00,50,,2026-05-26 05:00:00
401,113,C_00401,Bat-Erdene,https://facebook.com/bat-erdene,Үнэхээр гоё санагдсан шүү.,2026-05-25 04:00:00,36,,2026-05-25 05:00:00
402,369,C_00402,Sarnai,https://facebook.com/sarnai,Маш сонирхолтой мэдээлэл байна.,2026-05-13 15:00:00,27,,2026-05-13 16:00:00
403,68,C_00403,Maral,https://facebook.com/maral,"Асуух зүйл байна, dm шалгаарай.",2026-05-17 11:00:00,37,,2026-05-17 12:00:00
404,305,C_00404,Tengis,https://facebook.com/tengis,Хэрэгжүүлж үзнэ ээ.,2026-05-13 17:00:00,37,,2026-05-13 18:00:00
405,430,C_00405,Bat-Erdene,https://facebook.com/bat-erdene,Маш сонирхолтой мэдээлэл байна.,2026-05-14 08:00:00,6,90,2026-05-14 09:00:00
406,286,C_00406,Sarnai,https://facebook.com/sarnai,"Асуух зүйл байна, dm шалгаарай.",2026-05-10 08:00:00,34,,2026-05-10 09:00:00
407,393,C_00407,Sarnai,https://facebook.com/sarnai,Гайхалтай!,2026-05-18 05:00:00,36,,2026-05-18 06:00:00
408,113,C_00408,Odbayar,https://facebook.com/odbayar,Хэрэгжүүлж үзнэ ээ.,2026-05-10 07:00:00,48,,2026-05-10 08:00:00
409,270,C_00409,Tengis,https://facebook.com/tengis,Үнэхээр гоё санагдсан шүү.,2026-05-12 16:00:00,39,,2026-05-12 17:00:00
410,412,C_00410,Khuslen,https://facebook.com/khuslen,Хэрэгжүүлж үзнэ ээ.,2026-05-09 00:00:00,40,,2026-05-09 01:00:00
411,56,C_00411,Bat-Erdene,https://facebook.com/bat-erdene,Дараагийн пост хэзээ орох вэ?,2026-05-19 20:00:00,32,,2026-05-19 21:00:00
412,205,C_00412,Bat-Erdene,https://facebook.com/bat-erdene,Сайн тайлбарлажээ.,2026-05-09 23:00:00,43,161,2026-05-10 00:00:00
413,164,C_00413,Bat-Erdene,https://facebook.com/bat-erdene,Үүнтэй санал нийлэхгүй байна.,2026-05-13 03:00:00,26,298,2026-05-13 04:00:00
414,321,C_00414,Tengis,https://facebook.com/tengis,Үүнтэй санал нийлэхгүй байна.,2026-05-23 19:00:00,22,345,2026-05-23 20:00:00
415,73,C_00415,Sarnai,https://facebook.com/sarnai,Үүнтэй санал нийлэхгүй байна.,2026-05-21 01:00:00,2,115,2026-05-21 02:00:00
416,22,C_00416,Maral,https://facebook.com/maral,Хэрэгжүүлж үзнэ ээ.,2026-05-12 21:00:00,37,,2026-05-12 22:00:00
417,35,C_00417,Sarnai,https://facebook.com/sarnai,Үнэхээр гоё санагдсан шүү.,2026-05-16 23:00:00,7,,2026-05-17 00:00:00
418,149,C_00418,Maral,https://facebook.com/maral,Хэрэгжүүлж үзнэ ээ.,2026-05-09 22:00:00,43,385,2026-05-09 23:00:00
419,116,C_00419,Odbayar,https://facebook.com/odbayar,Энэ талаар дэлгэрэнгүй хаанаас уншиж болох вэ?,2026-05-18 12:00:00,23,,2026-05-18 13:00:00
420,240,C_00420,Tuguldur,https://facebook.com/tuguldur,Үнэхээр гоё санагдсан шүү.,2026-05-21 15:00:00,48,,2026-05-21 16:00:00
421,33,C_00421,Odbayar,https://facebook.com/odbayar,Сайн тайлбарлажээ.,2026-05-10 13:00:00,38,,2026-05-10 14:00:00
422,225,C_00422,Khuslen,https://facebook.com/khuslen,Дараагийн пост хэзээ орох вэ?,2026-05-13 02:00:00,30,,2026-05-13 03:00:00
423,421,C_00423,Tuguldur,https://facebook.com/tuguldur,Дараагийн пост хэзээ орох вэ?,2026-05-21 15:00:00,47,12,2026-05-21 16:00:00
424,382,C_00424,Tuguldur,https://facebook.com/tuguldur,Хэрэгтэй зөвлөгөө байна баярлалаа.,2026-05-24 03:00:00,34,422,2026-05-24 04:00:00
425,116,C_00425,Bat-Erdene,https://facebook.com/bat-erdene,Хэрэгжүүлж үзнэ ээ.,2026-05-17 00:00:00,30,,2026-05-17 01:00:00
426,54,C_00426,Gantulga,https://facebook.com/gantulga,"Асуух зүйл байна, dm шалгаарай.",2026-05-12 07:00:00,5,,2026-05-12 08:00:00
427,402,C_00427,Tuguldur,https://facebook.com/tuguldur,Гайхалтай!,2026-05-16 20:00:00,3,,2026-05-16 21:00:00
428,79,C_00428,Tengis,https://facebook.com/tengis,Хэрэгжүүлж үзнэ ээ.,2026-05-12 01:00:00,47,326,2026-05-12 02:00:00
429,360,C_00429,Gantulga,https://facebook.com/gantulga,Үнэхээр гоё санагдсан шүү.,2026-05-20 21:00:00,23,,2026-05-20 22:00:00
430,78,C_00430,Maral,https://facebook.com/maral,Сайн тайлбарлажээ.,2026-05-26 08:00:00,23,,2026-05-26 09:00:00
431,40,C_00431,Tengis,https://facebook.com/tengis,Хэрэгтэй зөвлөгөө байна баярлалаа.,2026-05-21 22:00:00,19,,2026-05-21 23:00:00
432,379,C_00432,Odbayar,https://facebook.com/odbayar,Маш сонирхолтой мэдээлэл байна.,2026-05-16 01:00:00,7,,2026-05-16 02:00:00
433,459,C_00433,Khuslen,https://facebook.com/khuslen,Гайхалтай!,2026-05-26 09:00:00,15,,2026-05-26 10:00:00
434,493,C_00434,Anu,https://facebook.com/anu,"Асуух зүйл байна, dm шалгаарай.",2026-05-17 05:00:00,27,,2026-05-17 06:00:00
435,228,C_00435,Gantulga,https://facebook.com/gantulga,"Асуух зүйл байна, dm шалгаарай.",2026-05-13 05:00:00,14,,2026-05-13 06:00:00
436,37,C_00436,Khuslen,https://facebook.com/khuslen,Хэрэгжүүлж үзнэ ээ.,2026-05-08 03:00:00,0,,2026-05-08 04:00:00
437,359,C_00437,Sarnai,https://facebook.com/sarnai,Энэ талаар дэлгэрэнгүй хаанаас уншиж болох вэ?,2026-05-17 16:00:00,7,,2026-05-17 17:00:00
438,85,C_00438,Gantulga,https://facebook.com/gantulga,Хэрэгтэй зөвлөгөө байна баярлалаа.,2026-05-22 16:00:00,48,,2026-05-22 17:00:00
439,66,C_00439,Tuguldur,https://facebook.com/tuguldur,Маш сонирхолтой мэдээлэл байна.,2026-05-16 06:00:00,17,,2026-05-16 07:00:00
440,180,C_00440,Odbayar,https://facebook.com/odbayar,Хэрэгтэй зөвлөгөө байна баярлалаа.,2026-05-26 05:00:00,38,174,2026-05-26 06:00:00
441,220,C_00441,Nomin,https://facebook.com/nomin,Хэрэгтэй зөвлөгөө байна баярлалаа.,2026-05-13 11:00:00,11,,2026-05-13 12:00:00
442,338,C_00442,Anu,https://facebook.com/anu,Гайхалтай!,2026-05-23 19:00:00,48,,2026-05-23 20:00:00
443,45,C_00443,Tengis,https://facebook.com/tengis,Дараагийн пост хэзээ орох вэ?,2026-05-26 12:00:00,32,,2026-05-26 13:00:00
444,178,C_00444,Anu,https://facebook.com/anu,Хэрэгжүүлж үзнэ ээ.,2026-05-11 21:00:00,18,,2026-05-11 22:00:00
445,117,C_00445,Tuguldur,https://facebook.com/tuguldur,Энэ талаар дэлгэрэнгүй хаанаас уншиж болох вэ?,2026-05-15 06:00:00,26,,2026-05-15 07:00:00
446,97,C_00446,Tuguldur,https://facebook.com/tuguldur,Хэрэгтэй зөвлөгөө байна баярлалаа.,2026-05-21 06:00:00,26,,2026-05-21 07:00:00
447,75,C_00447,Sarnai,https://facebook.com/sarnai,Маш сонирхолтой мэдээлэл байна.,2026-05-11 16:00:00,14,,2026-05-11 17:00:00
448,478,C_00448,Bat-Erdene,https://facebook.com/bat-erdene,Үүнтэй санал нийлэхгүй байна.,2026-05-10 07:00:00,13,,2026-05-10 08:00:00
449,375,C_00449,Gantulga,https://facebook.com/gantulga,Үнэхээр гоё санагдсан шүү.,2026-05-23 06:00:00,25,,2026-05-23 07:00:00
450,84,C_00450,Nomin,https://facebook.com/nomin,Сайн тайлбарлажээ.,2026-05-08 23:00:00,24,267,2026-05-09 00:00:00
451,460,C_00451,Maral,https://facebook.com/maral,"Асуух зүйл байна, dm шалгаарай.",2026-05-08 21:00:00,47,,2026-05-08 22:00:00
452,491,C_00452,Maral,https://facebook.com/maral,Хэрэгжүүлж үзнэ ээ.,2026-05-10 06:00:00,16,426,2026-05-10 07:00:00
453,182,C_00453,Maral,https://facebook.com/maral,Үнэхээр гоё санагдсан шүү.,2026-05-11 03:00:00,38,,2026-05-11 04:00:00
454,217,C_00454,Khuslen,https://facebook.com/khuslen,Маш сонирхолтой мэдээлэл байна.,2026-05-11 00:00:00,43,,2026-05-11 01:00:00
455,95,C_00455,Odbayar,https://facebook.com/odbayar,Хэрэгжүүлж үзнэ ээ.,2026-05-23 18:00:00,39,,2026-05-23 19:00:00
456,254,C_00456,Gantulga,https://facebook.com/gantulga,Хэрэгтэй зөвлөгөө байна баярлалаа.,2026-05-23 03:00:00,13,107,2026-05-23 04:00:00
457,39,C_00457,Bat-Erdene,https://facebook.com/bat-erdene,Энэ талаар дэлгэрэнгүй хаанаас уншиж болох вэ?,2026-05-07 02:00:00,29,,2026-05-07 03:00:00
458,136,C_00458,Bat-Erdene,https://facebook.com/bat-erdene,Хэрэгжүүлж үзнэ ээ.,2026-05-20 22:00:00,1,424,2026-05-20 23:00:00
459,8,C_00459,Sarnai,https://facebook.com/sarnai,Дараагийн пост хэзээ орох вэ?,2026-05-21 13:00:00,14,245,2026-05-21 14:00:00
460,131,C_00460,Khuslen,https://facebook.com/khuslen,Маш сонирхолтой мэдээлэл байна.,2026-05-07 04:00:00,27,272,2026-05-07 05:00:00
461,270,C_00461,Khuslen,https://facebook.com/khuslen,Хэрэгжүүлж үзнэ ээ.,2026-05-09 13:00:00,47,49,2026-05-09 14:00:00
462,485,C_00462,Anu,https://facebook.com/anu,Энэ талаар дэлгэрэнгүй хаанаас уншиж болох вэ?,2026-05-08 17:00:00,27,,2026-05-08 18:00:00
463,114,C_00463,Khuslen,https://facebook.com/khuslen,Дараагийн пост хэзээ орох вэ?,2026-05-06 09:00:00,20,,2026-05-06 10:00:00
464,102,C_00464,Sarnai,https://facebook.com/sarnai,Маш сонирхолтой мэдээлэл байна.,2026-05-07 17:00:00,24,,2026-05-07 18:00:00
465,369,C_00465,Bat-Erdene,https://facebook.com/bat-erdene,Үүнтэй санал нийлэхгүй байна.,2026-05-09 02:00:00,27,,2026-05-09 03:00:00
466,150,C_00466,Nomin,https://facebook.com/nomin,Үүнтэй санал нийлэхгүй байна.,2026-05-23 16:00:00,39,,2026-05-23 17:00:00
467,19,C_00467,Odbayar,https://facebook.com/odbayar,Маш сонирхолтой мэдээлэл байна.,2026-05-22 03:00:00,14,,2026-05-22 04:00:00
468,157,C_00468,Sarnai,https://facebook.com/sarnai,Хэрэгтэй зөвлөгөө байна баярлалаа.,2026-05-12 02:00:00,47,259,2026-05-12 03:00:00
469,424,C_00469,Maral,https://facebook.com/maral,Сайн тайлбарлажээ.,2026-05-09 17:00:00,2,,2026-05-09 18:00:00
470,337,C_00470,Sarnai,https://facebook.com/sarnai,Дараагийн пост хэзээ орох вэ?,2026-05-20 20:00:00,19,,2026-05-20 21:00:00
471,461,C_00471,Tengis,https://facebook.com/tengis,Гайхалтай!,2026-05-19 18:00:00,27,,2026-05-19 19:00:00
472,318,C_00472,Odbayar,https://facebook.com/odbayar,Маш сонирхолтой мэдээлэл байна.,2026-05-08 16:00:00,45,,2026-05-08 17:00:00
473,447,C_00473,Anu,https://facebook.com/anu,Хэрэгтэй зөвлөгөө байна баярлалаа.,2026-05-19 09:00:00,25,,2026-05-19 10:00:00
474,154,C_00474,Gantulga,https://facebook.com/gantulga,Хэрэгжүүлж үзнэ ээ.,2026-05-06 08:00:00,4,,2026-05-06 09:00:00
475,383,C_00475,Gantulga,https://facebook.com/gantulga,Дараагийн пост хэзээ орох вэ?,2026-05-09 07:00:00,16,,2026-05-09 08:00:00
476,407,C_00476,Tuguldur,https://facebook.com/tuguldur,Хэрэгтэй зөвлөгөө байна баярлалаа.,2026-05-18 17:00:00,38,57,2026-05-18 18:00:00
477,313,C_00477,Odbayar,https://facebook.com/odbayar,Үүнтэй санал нийлэхгүй байна.,2026-05-18 22:00:00,44,,2026-05-18 23:00:00
478,88,C_00478,Gantulga,https://facebook.com/gantulga,Энэ талаар дэлгэрэнгүй хаанаас уншиж болох вэ?,2026-05-06 12:00:00,48,,2026-05-06 13:00:00
479,226,C_00479,Anu,https://facebook.com/anu,Хэрэгжүүлж үзнэ ээ.,2026-05-18 20:00:00,39,,2026-05-18 21:00:00
480,336,C_00480,Bat-Erdene,https://facebook.com/bat-erdene,Гайхалтай!,2026-05-24 04:00:00,23,,2026-05-24 05:00:00
481,182,C_00481,Bat-Erdene,https://facebook.com/bat-erdene,Хэрэгтэй зөвлөгөө байна баярлалаа.,2026-05-25 20:00:00,10,,2026-05-25 21:00:00
482,47,C_00482,Khuslen,https://facebook.com/khuslen,Хэрэгжүүлж үзнэ ээ.,2026-05-19 02:00:00,1,441,2026-05-19 03:00:00
483,165,C_00483,Bat-Erdene,https://facebook.com/bat-erdene,Дараагийн пост хэзээ орох вэ?,2026-05-21 01:00:00,39,,2026-05-21 02:00:00
484,185,C_00484,Bat-Erdene,https://facebook.com/bat-erdene,Энэ талаар дэлгэрэнгүй хаанаас уншиж болох вэ?,2026-05-24 07:00:00,11,,2026-05-24 08:00:00
485,151,C_00485,Bat-Erdene,https://facebook.com/bat-erdene,Хэрэгжүүлж үзнэ ээ.,2026-05-15 00:00:00,37,,2026-05-15 01:00:00
486,296,C_00486,Anu,https://facebook.com/anu,"Асуух зүйл байна, dm шалгаарай.",2026-05-23 05:00:00,33,,2026-05-23 06:00:00
487,342,C_00487,Nomin,https://facebook.com/nomin,Үнэхээр гоё санагдсан шүү.,2026-05-13 16:00:00,5,,2026-05-13 17:00:00
488,176,C_00488,Tengis,https://facebook.com/tengis,Маш сонирхолтой мэдээлэл байна.,2026-05-21 23:00:00,27,,2026-05-22 00:00:00
489,4,C_00489,Odbayar,https://facebook.com/odbayar,Энэ талаар дэлгэрэнгүй хаанаас уншиж болох вэ?,2026-05-15 05:00:00,20,,2026-05-15 06:00:00
490,324,C_00490,Anu,https://facebook.com/anu,Сайн тайлбарлажээ.,2026-05-12 04:00:00,19,,2026-05-12 05:00:00
491,450,C_00491,Maral,https://facebook.com/maral,Хэрэгжүүлж үзнэ ээ.,2026-05-18 08:00:00,12,,2026-05-18 09:00:00
492,59,C_00492,Tengis,https://facebook.com/tengis,"Асуух зүйл байна, dm шалгаарай.",2026-05-14 14:00:00,23,199,2026-05-14 15:00:00
493,291,C_00493,Bat-Erdene,https://facebook.com/bat-erdene,Хэрэгжүүлж үзнэ ээ.,2026-05-19 20:00:00,32,,2026-05-19 21:00:00
494,160,C_00494,Nomin,https://facebook.com/nomin,Сайн тайлбарлажээ.,2026-05-23 22:00:00,48,,2026-05-23 23:00:00
495,122,C_00495,Tuguldur,https://facebook.com/tuguldur,Гайхалтай!,2026-05-19 23:00:00,10,,2026-05-20 00:00:00
496,137,C_00496,Sarnai,https://facebook.com/sarnai,Үүнтэй санал нийлэхгүй байна.,2026-05-18 19:00:00,39,324,2026-05-18 20:00:00
497,197,C_00497,Tengis,https://facebook.com/tengis,"Асуух зүйл байна, dm шалгаарай.",2026-05-11 10:00:00,24,,2026-05-11 11:00:00
498,198,C_00498,Anu,https://facebook.com/anu,Сайн тайлбарлажээ.,2026-05-11 04:00:00,13,,2026-05-11 05:00:00
499,37,C_00499,Sarnai,https://facebook.com/sarnai,Маш сонирхолтой мэдээлэл байна.,2026-05-13 19:00:00,41,,2026-05-13 20:00:00
500,414,C_00500,Tuguldur,https://facebook.com/tuguldur,Сайн тайлбарлажээ.,2026-05-14 12:00:00,45,225,2026-05-14 13:00:00
