id,post_id,image_url,local_path,downloaded_at
1,115,https://example.com/images/img_1.jpg,images/img_1.jpg,2026-05-04 10:00:00
2,304,https://example.com/images/img_2.jpg,images/img_2.jpg,2026-05-17 18:00:00
3,249,https://example.com/images/img_3.jpg,images/img_3.jpg,2026-05-19 01:00:00
4,221,https://example.com/images/img_4.jpg,images/img_4.jpg,2026-05-04 17:00:00
5,159,https://example.com/images/img_5.jpg,images/img_5.jpg,2026-05-07 19:00:00
6,181,https://example.com/images/img_6.jpg,images/img_6.jpg,2026-05-10 17:00:00
7,90,https://example.com/images/img_7.jpg,images/img_7.jpg,2026-05-14 11:00:00
8,470,https://example.com/images/img_8.jpg,images/img_8.jpg,2026-05-06 04:00:00
9,157,https://example.com/images/img_9.jpg,images/img_9.jpg,2026-05-03 19:00:00
10,118,https://example.com/images/img_10.jpg,images/img_10.jpg,2026-05-15 09:00:00
11,55,https://example.com/images/img_11.jpg,images/img_11.jpg,2026-05-03 07:00:00
12,371,https://example.com/images/img_12.jpg,images/img_12.jpg,2026-05-01 02:00:00
13,139,https://example.com/images/img_13.jpg,images/img_13.jpg,2026-05-09 07:00:00
14,178,https://example.com/images/img_14.jpg,images/img_14.jpg,2026-05-14 16:00:00
15,313,https://example.com/images/img_15.jpg,images/img_15.jpg,2026-05-03 04:00:00
16,65,https://example.com/images/img_16.jpg,images/img_16.jpg,2026-05-11 16:00:00
17,232,https://example.com/images/img_17.jpg,images/img_17.jpg,2026-05-14 21:00:00
18,411,https://example.com/images/img_18.jpg,images/img_18.jpg,2026-05-02 03:00:00
19,203,https://example.com/images/img_19.jpg,images/img_19.jpg,2026-05-14 02:00:00
20,173,https://example.com/images/img_20.jpg,images/img_20.jpg,2026-05-05 07:00:00
21,411,https://example.com/images/img_21.jpg,images/img_21.jpg,2026-05-14 01:00:00
22,41,https://example.com/images/img_22.jpg,images/img_22.jpg,2026-05-19 14:00:00
23,26,https://example.com/images/img_23.jpg,images/img_23.jpg,2026-05-15 14:00:00
24,104,https://example.com/images/img_24.jpg,images/img_24.jpg,2026-05-20 21:00:00
25,204,https://example.com/images/img_25.jpg,images/img_25.jpg,2026-05-09 11:00:00
26,475,https://example.com/images/img_26.jpg,images/img_26.jpg,2026-05-16 23:00:00
27,71,https://example.com/images/img_27.jpg,images/img_27.jpg,2026-05-17 14:00:00
28,429,https://example.com/images/img_28.jpg,images/img_28.jpg,2026-05-15 06:00:00
29,243,https://example.com/images/img_29.jpg,images/img_29.jpg,2026-05-09 18:00:00
30,197,https://example.com/images/img_30.jpg,images/img_30.jpg,2026-05-15 04:00:00
31,135,https://example.com/images/img_31.jpg,images/img_31.jpg,2026-05-05 05:00:00
32,73,https://example.com/images/img_32.jpg,images/img_32.jpg,2026-05-18 01:00:00
33,218,https://example.com/images/img_33.jpg,images/img_33.jpg,2026-05-16 21:00:00
34,101,https://example.com/images/img_34.jpg,images/img_34.jpg,2026-05-07 13:00:00
35,132,https://example.com/images/img_35.jpg,images/img_35.jpg,2026-05-02 09:00:00
36,248,https://example.com/images/img_36.jpg,images/img_36.jpg,2026-05-21 11:00:00
37,388,https://example.com/images/img_37.jpg,images/img_37.jpg,2026-05-18 16:00:00
38,299,https://example.com/images/img_38.jpg,images/img_38.jpg,2026-05-04 09:00:00
39,203,https://example.com/images/img_39.jpg,images/img_39.jpg,2026-05-07 06:00:00
40,350,https://example.com/images/img_40.jpg,images/img_40.jpg,2026-05-09 18:00:00
41,498,https://example.com/images/img_41.jpg,images/img_41.jpg,2026-05-13 20:00:00
42,346,https://example.com/images/img_42.jpg,images/img_42.jpg,2026-05-08 17:00:00
43,137,https://example.com/images/img_43.jpg,images/img_43.jpg,2026-05-16 12:00:00
44,436,https://example.com/images/img_44.jpg,images/img_44.jpg,2026-05-14 14:00:00
45,58,https://example.com/images/img_45.jpg,images/img_45.jpg,2026-05-13 08:00:00
46,17,https://example.com/images/img_46.jpg,images/img_46.jpg,2026-05-18 03:00:00
47,218,https://example.com/images/img_47.jpg,images/img_47.jpg,2026-05-21 03:00:00
48,89,https://example.com/images/img_48.jpg,images/img_48.jpg,2026-05-21 09:00:00
49,449,https://example.com/images/img_49.jpg,images/img_49.jpg,2026-05-18 15:00:00
50,154,https://example.com/images/img_50.jpg,images/img_50.jpg,2026-05-21 14:00:00
51,332,https://example.com/images/img_51.jpg,images/img_51.jpg,2026-05-09 02:00:00
52,294,https://example.com/images/img_52.jpg,images/img_52.jpg,2026-05-18 11:00:00
53,219,https://example.com/images/img_53.jpg,images/img_53.jpg,2026-05-19 09:00:00
54,93,https://example.com/images/img_54.jpg,images/img_54.jpg,2026-05-16 15:00:00
55,353,https://example.com/images/img_55.jpg,images/img_55.jpg,2026-05-11 04:00:00
56,286,https://example.com/images/img_56.jpg,images/img_56.jpg,2026-05-13 02:00:00
57,129,https://example.com/images/img_57.jpg,images/img_57.jpg,2026-05-18 19:00:00
58,353,https://example.com/images/img_58.jpg,images/img_58.jpg,2026-05-06 02:00:00
59,419,https://example.com/images/img_59.jpg,images/img_59.jpg,2026-05-10 06:00:00
60,7,https://example.com/images/img_60.jpg,images/img_60.jpg,2026-05-03 00:00:00
61,185,https://example.com/images/img_61.jpg,images/img_61.jpg,2026-05-05 07:00:00
62,71,https://example.com/images/img_62.jpg,images/img_62.jpg,2026-05-14 16:00:00
63,489,https://example.com/images/img_63.jpg,images/img_63.jpg,2026-05-03 15:00:00
64,46,https://example.com/images/img_64.jpg,images/img_64.jpg,2026-05-13 00:00:00
65,59,https://example.com/images/img_65.jpg,images/img_65.jpg,2026-05-09 17:00:00
66,7,https://example.com/images/img_66.jpg,images/img_66.jpg,2026-05-06 06:00:00
67,413,https://example.com/images/img_67.jpg,images/img_67.jpg,2026-05-17 15:00:00
68,476,https://example.com/images/img_68.jpg,images/img_68.jpg,2026-05-11 09:00:00
69,77,https://example.com/images/img_69.jpg,images/img_69.jpg,2026-05-18 10:00:00
70,17,https://example.com/images/img_70.jpg,images/img_70.jpg,2026-05-20 19:00:00
71,380,https://example.com/images/img_71.jpg,images/img_71.jpg,2026-05-05 04:00:00
72,23,https://example.com/images/img_72.jpg,images/img_72.jpg,2026-05-10 19:00:00
73,358,https://example.com/images/img_73.jpg,images/img_73.jpg,2026-05-16 21:00:00
74,489,https://example.com/images/img_74.jpg,images/img_74.jpg,2026-05-10 01:00:00
75,227,https://example.com/images/img_75.jpg,images/img_75.jpg,2026-05-17 01:00:00
76,93,https://example.com/images/img_76.jpg,images/img_76.jpg,2026-05-05 00:00:00
77,7,https://example.com/images/img_77.jpg,images/img_77.jpg,2026-05-07 12:00:00
78,241,https://example.com/images/img_78.jpg,images/img_78.jpg,2026-05-08 08:00:00
79,489,https://example.com/images/img_79.jpg,images/img_79.jpg,2026-05-01 15:00:00
80,252,https://example.com/images/img_80.jpg,images/img_80.jpg,2026-05-09 11:00:00
81,163,https://example.com/images/img_81.jpg,images/img_81.jpg,2026-05-11 12:00:00
82,178,https://example.com/images/img_82.jpg,images/img_82.jpg,2026-05-21 18:00:00
83,376,https://example.com/images/img_83.jpg,images/img_83.jpg,2026-05-10 02:00:00
84,443,https://example.com/images/img_84.jpg,images/img_84.jpg,2026-05-21 14:00:00
85,339,https://example.com/images/img_85.jpg,images/img_85.jpg,2026-05-13 23:00:00
86,244,https://example.com/images/img_86.jpg,images/img_86.jpg,2026-05-04 05:00:00
87,275,https://example.com/images/img_87.jpg,images/img_87.jpg,2026-05-18 23:00:00
88,171,https://example.com/images/img_88.jpg,images/img_88.jpg,2026-05-19 02:00:00
89,375,https://example.com/images/img_89.jpg,images/img_89.jpg,2026-05-04 07:00:00
90,74,https://example.com/images/img_90.jpg,images/img_90.jpg,2026-05-20 09:00:00
91,225,https://example.com/images/img_91.jpg,images/img_91.jpg,2026-05-10 00:00:00
92,405,https://example.com/images/img_92.jpg,images/img_92.jpg,2026-05-20 23:00:00
93,449,https://example.com/images/img_93.jpg,images/img_93.jpg,2026-05-17 06:00:00
94,229,https://example.com/images/img_94.jpg,images/img_94.jpg,2026-05-02 21:00:00
95,415,https://example.com/images/img_95.jpg,images/img_95.jpg,2026-05-02 13:00:00
96,439,https://example.com/images/img_96.jpg,images/img_96.jpg,2026-05-20 04:00:00
97,385,https://example.com/images/img_97.jpg,images/img_97.jpg,2026-05-21 12:00:00
98,233,https://example.com/images/img_98.jpg,images/img_98.jpg,2026-05-09 03:00:00
99,221,https://example.com/images/img_99.jpg,images/img_99.jpg,2026-05-17 15:00:00
100,472,https://example.com/images/img_100.jpg,images/img_100.jpg,2026-05-10 11:00:00
101,80,https://example.com/images/img_101.jpg,images/img_101.jpg,2026-05-16 18:00:00
102,378,https://example.com/images/img_102.jpg,images/img_102.jpg,2026-05-20 14:00:00
103,257,https://example.com/images/img_103.jpg,images/img_103.jpg,2026-05-01 00:00:00
104,416,https://example.com/images/img_104.jpg,images/img_104.jpg,2026-05-02 00:00:00
105,434,https://example.com/images/img_105.jpg,images/img_105.jpg,2026-05-16 17:00:00
106,120,https://example.com/images/img_106.jpg,images/img_106.jpg,2026-05-13 14:00:00
107,202,https://example.com/images/img_107.jpg,images/img_107.jpg,2026-05-13 00:00:00
108,438,https://example.com/images/img_108.jpg,images/img_108.jpg,2026-05-04 12:00:00
109,178,https://example.com/images/img_109.jpg,images/img_109.jpg,2026-05-03 21:00:00
110,335,https://example.com/images/img_110.jpg,images/img_110.jpg,2026-05-01 02:00:00
111,78,https://example.com/images/img_111.jpg,images/img_111.jpg,2026-05-05 19:00:00
112,394,https://example.com/images/img_112.jpg,images/img_112.jpg,2026-05-21 02:00:00
113,421,https://example.com/images/img_113.jpg,images/img_113.jpg,2026-05-07 15:00:00
114,492,https://example.com/images/img_114.jpg,images/img_114.jpg,2026-05-11 17:00:00
115,416,https://example.com/images/img_115.jpg,images/img_115.jpg,2026-05-20 04:00:00
116,448,https://example.com/images/img_116.jpg,images/img_116.jpg,2026-05-10 20:00:00
117,322,https://example.com/images/img_117.jpg,images/img_117.jpg,2026-05-11 19:00:00
118,361,https://example.com/images/img_118.jpg,images/img_118.jpg,2026-05-13 08:00:00
119,158,https://example.com/images/img_119.jpg,images/img_119.jpg,2026-05-09 14:00:00
120,81,https://example.com/images/img_120.jpg,images/img_120.jpg,2026-05-08 01:00:00
121,278,https://example.com/images/img_121.jpg,images/img_121.jpg,2026-05-17 09:00:00
122,56,https://example.com/images/img_122.jpg,images/img_122.jpg,2026-05-01 17:00:00
123,410,https://example.com/images/img_123.jpg,images/img_123.jpg,2026-05-14 08:00:00
124,41,https://example.com/images/img_124.jpg,images/img_124.jpg,2026-05-10 15:00:00
125,350,https://example.com/images/img_125.jpg,images/img_125.jpg,2026-05-12 12:00:00
126,59,https://example.com/images/img_126.jpg,images/img_126.jpg,2026-05-15 01:00:00
127,54,https://example.com/images/img_127.jpg,images/img_127.jpg,2026-05-01 01:00:00
128,442,https://example.com/images/img_128.jpg,images/img_128.jpg,2026-05-19 05:00:00
129,285,https://example.com/images/img_129.jpg,images/img_129.jpg,2026-05-12 06:00:00
130,385,https://example.com/images/img_130.jpg,images/img_130.jpg,2026-05-06 19:00:00
131,82,https://example.com/images/img_131.jpg,images/img_131.jpg,2026-05-20 00:00:00
132,49,https://example.com/images/img_132.jpg,images/img_132.jpg,2026-05-09 11:00:00
133,113,https://example.com/images/img_133.jpg,images/img_133.jpg,2026-05-08 08:00:00
134,24,https://example.com/images/img_134.jpg,images/img_134.jpg,2026-05-08 04:00:00
135,45,https://example.com/images/img_135.jpg,images/img_135.jpg,2026-05-10 04:00:00
136,145,https://example.com/images/img_136.jpg,images/img_136.jpg,2026-05-13 02:00:00
137,362,https://example.com/images/img_137.jpg,images/img_137.jpg,2026-05-20 14:00:00
138,129,https://example.com/images/img_138.jpg,images/img_138.jpg,2026-05-05 01:00:00
139,479,https://example.com/images/img_139.jpg,images/img_139.jpg,2026-05-18 22:00:00
140,221,https://example.com/images/img_140.jpg,images/img_140.jpg,2026-05-19 21:00:00
141,376,https://example.com/images/img_141.jpg,images/img_141.jpg,2026-05-12 18:00:00
142,274,https://example.com/images/img_142.jpg,images/img_142.jpg,2026-05-03 03:00:00
143,107,https://example.com/images/img_143.jpg,images/img_143.jpg,2026-05-08 19:00:00
144,201,https://example.com/images/img_144.jpg,images/img_144.jpg,2026-05-10 02:00:00
145,487,https://example.com/images/img_145.jpg,images/img_145.jpg,2026-05-17 08:00:00
146,461,https://example.com/images/img_146.jpg,images/img_146.jpg,2026-05-10 15:00:00
147,455,https://example.com/images/img_147.jpg,images/img_147.jpg,2026-05-14 23:00:00
148,371,https://example.com/images/img_148.jpg,images/img_148.jpg,2026-05-09 15:00:00
149,407,https://example.com/images/img_149.jpg,images/img_149.jpg,2026-05-12 23:00:00
150,76,https://example.com/images/img_150.jpg,images/img_150.jpg,2026-05-14 05:00:00
151,361,https://example.com/images/img_151.jpg,images/img_151.jpg,2026-05-05 13:00:00
152,373,https://example.com/images/img_152.jpg,images/img_152.jpg,2026-05-20 03:00:00
153,103,https://example.com/images/img_153.jpg,images/img_153.jpg,2026-05-01 06:00:00
154,362,https://example.com/images/img_154.jpg,images/img_154.jpg,2026-05-19 17:00:00
155,397,https://example.com/images/img_155.jpg,images/img_155.jpg,2026-05-20 14:00:00
156,92,https://example.com/images/img_156.jpg,images/img_156.jpg,2026-05-08 11:00:00
157,72,https://example.com/images/img_157.jpg,images/img_157.jpg,2026-05-17 04:00:00
158,390,https://example.com/images/img_158.jpg,images/img_158.jpg,2026-05-10 07:00:00
159,14,https://example.com/images/img_159.jpg,images/img_159.jpg,2026-05-18 00:00:00
160,273,https://example.com/images/img_160.jpg,images/img_160.jpg,2026-05-01 08:00:00
161,356,https://example.com/images/img_161.jpg,images/img_161.jpg,2026-05-09 21:00:00
162,277,https://example.com/images/img_162.jpg,images/img_162.jpg,2026-05-16 20:00:00
163,174,https://example.com/images/img_163.jpg,images/img_163.jpg,2026-05-10 04:00:00
164,130,https://example.com/images/img_164.jpg,images/img_164.jpg,2026-05-17 07:00:00
165,281,https://example.com/images/img_165.jpg,images/img_165.jpg,2026-05-12 13:00:00
166,1,https://example.com/images/img_166.jpg,images/img_166.jpg,2026-05-14 01:00:00
167,131,https://example.com/images/img_167.jpg,images/img_167.jpg,2026-05-15 01:00:00
168,201,https://example.com/images/img_168.jpg,images/img_168.jpg,2026-05-07 06:00:00
169,122,https://example.com/images/img_169.jpg,images/img_169.jpg,2026-05-12 14:00:00
170,276,https://example.com/images/img_170.jpg,images/img_170.jpg,2026-05-19 02:00:00
171,277,https://example.com/images/img_171.jpg,images/img_171.jpg,2026-05-20 00:00:00
172,369,https://example.com/images/img_172.jpg,images/img_172.jpg,2026-05-13 01:00:00
173,3,https://example.com/images/img_173.jpg,images/img_173.jpg,2026-05-13 21:00:00
174,228,https://example.com/images/img_174.jpg,images/img_174.jpg,2026-05-12 14:00:00
175,102,https://example.com/images/img_175.jpg,images/img_175.jpg,2026-05-20 10:00:00
176,191,https://example.com/images/img_176.jpg,images/img_176.jpg,2026-05-01 17:00:00
177,96,https://example.com/images/img_177.jpg,images/img_177.jpg,2026-05-18 01:00:00
178,207,https://example.com/images/img_178.jpg,images/img_178.jpg,2026-05-11 00:00:00
179,338,https://example.com/images/img_179.jpg,images/img_179.jpg,2026-05-01 13:00:00
180,472,https://example.com/images/img_180.jpg,images/img_180.jpg,2026-05-13 06:00:00
181,120,https://example.com/images/img_181.jpg,images/img_181.jpg,2026-05-10 10:00:00
182,75,https://example.com/images/img_182.jpg,images/img_182.jpg,2026-05-20 20:00:00
183,25,https://example.com/images/img_183.jpg,images/img_183.jpg,2026-05-19 16:00:00
184,422,https://example.com/images/img_184.jpg,images/img_184.jpg,2026-05-09 09:00:00
185,367,https://example.com/images/img_185.jpg,images/img_185.jpg,2026-05-12 07:00:00
186,169,https://example.com/images/img_186.jpg,images/img_186.jpg,2026-05-12 00:00:00
187,58,https://example.com/images/img_187.jpg,images/img_187.jpg,2026-05-11 21:00:00
188,145,https://example.com/images/img_188.jpg,images/img_188.jpg,2026-05-14 21:00:00
189,356,https://example.com/images/img_189.jpg,images/img_189.jpg,2026-05-21 22:00:00
190,359,https://example.com/images/img_190.jpg,images/img_190.jpg,2026-05-14 22:00:00
191,487,https://example.com/images/img_191.jpg,images/img_191.jpg,2026-05-15 09:00:00
192,65,https://example.com/images/img_192.jpg,images/img_192.jpg,2026-05-21 13:00:00
193,414,https://example.com/images/img_193.jpg,images/img_193.jpg,2026-05-14 16:00:00
194,204,https://example.com/images/img_194.jpg,images/img_194.jpg,2026-05-19 19:00:00
195,398,https://example.com/images/img_195.jpg,images/img_195.jpg,2026-05-13 12:00:00
196,98,https://example.com/images/img_196.jpg,images/img_196.jpg,2026-05-06 09:00:00
197,34,https://example.com/images/img_197.jpg,images/img_197.jpg,2026-05-04 10:00:00
198,163,https://example.com/images/img_198.jpg,images/img_198.jpg,2026-05-17 05:00:00
199,112,https://example.com/images/img_199.jpg,images/img_199.jpg,2026-05-13 01:00:00
200,408,https://example.com/images/img_200.jpg,images/img_200.jpg,2026-05-04 01:00:00
201,304,https://example.com/images/img_201.jpg,images/img_201.jpg,2026-05-05 08:00:00
202,402,https://example.com/images/img_202.jpg,images/img_202.jpg,2026-05-21 02:00:00
203,285,https://example.com/images/img_203.jpg,images/img_203.jpg,2026-05-18 02:00:00
204,59,https://example.com/images/img_204.jpg,images/img_204.jpg,2026-05-18 11:00:00
205,176,https://example.com/images/img_205.jpg,images/img_205.jpg,2026-05-13 22:00:00
206,440,https://example.com/images/img_206.jpg,images/img_206.jpg,2026-05-09 07:00:00
207,5,https://example.com/images/img_207.jpg,images/img_207.jpg,2026-05-17 05:00:00
208,278,https://example.com/images/img_208.jpg,images/img_208.jpg,2026-05-12 18:00:00
209,128,https://example.com/images/img_209.jpg,images/img_209.jpg,2026-05-02 03:00:00
210,434,https://example.com/images/img_210.jpg,images/img_210.jpg,2026-05-09 15:00:00
211,255,https://example.com/images/img_211.jpg,images/img_211.jpg,2026-05-15 11:00:00
212,437,https://example.com/images/img_212.jpg,images/img_212.jpg,2026-05-21 08:00:00
213,81,https://example.com/images/img_213.jpg,images/img_213.jpg,2026-05-16 03:00:00
214,314,https://example.com/images/img_214.jpg,images/img_214.jpg,2026-05-06 01:00:00
215,374,https://example.com/images/img_215.jpg,images/img_215.jpg,2026-05-20 19:00:00
216,75,https://example.com/images/img_216.jpg,images/img_216.jpg,2026-05-15 05:00:00
217,499,https://example.com/images/img_217.jpg,images/img_217.jpg,2026-05-07 17:00:00
218,366,https://example.com/images/img_218.jpg,images/img_218.jpg,2026-05-02 00:00:00
219,202,https://example.com/images/img_219.jpg,images/img_219.jpg,2026-05-20 08:00:00
220,293,https://example.com/images/img_220.jpg,images/img_220.jpg,2026-05-11 17:00:00
221,293,https://example.com/images/img_221.jpg,images/img_221.jpg,2026-05-13 03:00:00
222,37,https://example.com/images/img_222.jpg,images/img_222.jpg,2026-05-10 09:00:00
223,482,https://example.com/images/img_223.jpg,images/img_223.jpg,2026-05-20 03:00:00
224,345,https://example.com/images/img_224.jpg,images/img_224.jpg,2026-05-19 16:00:00
225,224,https://example.com/images/img_225.jpg,images/img_225.jpg,2026-05-11 12:00:00
226,109,https://example.com/images/img_226.jpg,images/img_226.jpg,2026-05-11 05:00:00
227,155,https://example.com/images/img_227.jpg,images/img_227.jpg,2026-05-14 13:00:00
228,339,https://example.com/images/img_228.jpg,images/img_228.jpg,2026-05-19 05:00:00
229,361,https://example.com/images/img_229.jpg,images/img_229.jpg,2026-05-10 12:00:00
230,464,https://example.com/images/img_230.jpg,images/img_230.jpg,2026-05-11 19:00:00
231,430,https://example.com/images/img_231.jpg,images/img_231.jpg,2026-05-15 06:00:00
232,66,https://example.com/images/img_232.jpg,images/img_232.jpg,2026-05-08 02:00:00
233,435,https://example.com/images/img_233.jpg,images/img_233.jpg,2026-05-17 15:00:00
234,190,https://example.com/images/img_234.jpg,images/img_234.jpg,2026-05-13 08:00:00
235,464,https://example.com/images/img_235.jpg,images/img_235.jpg,2026-05-07 04:00:00
236,255,https://example.com/images/img_236.jpg,images/img_236.jpg,2026-05-21 04:00:00
237,368,https://example.com/images/img_237.jpg,images/img_237.jpg,2026-05-19 09:00:00
238,167,https://example.com/images/img_238.jpg,images/img_238.jpg,2026-05-09 22:00:00
239,64,https://example.com/images/img_239.jpg,images/img_239.jpg,2026-05-09 15:00:00
240,68,https://example.com/images/img_240.jpg,images/img_240.jpg,2026-05-10 12:00:00
241,204,https://example.com/images/img_241.jpg,images/img_241.jpg,2026-05-01 05:00:00
242,385,https://example.com/images/img_242.jpg,images/img_242.jpg,2026-05-15 04:00:00
243,316,https://example.com/images/img_243.jpg,images/img_243.jpg,2026-05-03 10:00:00
244,259,https://example.com/images/img_244.jpg,images/img_244.jpg,2026-05-03 16:00:00
245,392,https://example.com/images/img_245.jpg,images/img_245.jpg,2026-05-01 09:00:00
246,400,https://example.com/images/img_246.jpg,images/img_246.jpg,2026-05-20 00:00:00
247,407,https://example.com/images/img_247.jpg,images/img_247.jpg,2026-05-08 21:00:00
248,205,https://example.com/images/img_248.jpg,images/img_248.jpg,2026-05-12 01:00:00
249,270,https://example.com/images/img_249.jpg,images/img_249.jpg,2026-05-18 21:00:00
250,31,https://example.com/images/img_250.jpg,images/img_250.jpg,2026-05-20 14:00:00
251,239,https://example.com/images/img_251.jpg,images/img_251.jpg,2026-05-20 01:00:00
252,332,https://example.com/images/img_252.jpg,images/img_252.jpg,2026-05-04 05:00:00
253,452,https://example.com/images/img_253.jpg,images/img_253.jpg,2026-05-21 12:00:00
254,22,https://example.com/images/img_254.jpg,images/img_254.jpg,2026-05-18 19:00:00
255,358,https://example.com/images/img_255.jpg,images/img_255.jpg,2026-05-02 15:00:00
256,425,https://example.com/images/img_256.jpg,images/img_256.jpg,2026-05-09 22:00:00
257,8,https://example.com/images/img_257.jpg,images/img_257.jpg,2026-05-14 03:00:00
258,59,https://example.com/images/img_258.jpg,images/img_258.jpg,2026-05-20 17:00:00
259,224,https://example.com/images/img_259.jpg,images/img_259.jpg,2026-05-06 06:00:00
260,49,https://example.com/images/img_260.jpg,images/img_260.jpg,2026-05-08 22:00:00
261,290,https://example.com/images/img_261.jpg,images/img_261.jpg,2026-05-06 23:00:00
262,77,https://example.com/images/img_262.jpg,images/img_262.jpg,2026-05-11 18:00:00
263,248,https://example.com/images/img_263.jpg,images/img_263.jpg,2026-05-07 20:00:00
264,476,https://example.com/images/img_264.jpg,images/img_264.jpg,2026-05-07 15:00:00
265,414,https://example.com/images/img_265.jpg,images/img_265.jpg,2026-05-02 02:00:00
266,278,https://example.com/images/img_266.jpg,images/img_266.jpg,2026-05-21 06:00:00
267,107,https://example.com/images/img_267.jpg,images/img_267.jpg,2026-05-19 17:00:00
268,28,https://example.com/images/img_268.jpg,images/img_268.jpg,2026-05-11 08:00:00
269,424,https://example.com/images/img_269.jpg,images/img_269.jpg,2026-05-10 15:00:00
270,47,https://example.com/images/img_270.jpg,images/img_270.jpg,2026-05-03 16:00:00
271,2,https://example.com/images/img_271.jpg,images/img_271.jpg,2026-05-08 16:00:00
272,445,https://example.com/images/img_272.jpg,images/img_272.jpg,2026-05-06 12:00:00
273,323,https://example.com/images/img_273.jpg,images/img_273.jpg,2026-05-11 23:00:00
274,237,https://example.com/images/img_274.jpg,images/img_274.jpg,2026-05-03 13:00:00
275,364,https://example.com/images/img_275.jpg,images/img_275.jpg,2026-05-08 09:00:00
276,7,https://example.com/images/img_276.jpg,images/img_276.jpg,2026-05-09 19:00:00
277,191,https://example.com/images/img_277.jpg,images/img_277.jpg,2026-05-16 05:00:00
278,379,https://example.com/images/img_278.jpg,images/img_278.jpg,2026-05-04 16:00:00
279,103,https://example.com/images/img_279.jpg,images/img_279.jpg,2026-05-15 18:00:00
280,106,https://example.com/images/img_280.jpg,images/img_280.jpg,2026-05-18 20:00:00
281,245,https://example.com/images/img_281.jpg,images/img_281.jpg,2026-05-14 06:00:00
282,212,https://example.com/images/img_282.jpg,images/img_282.jpg,2026-05-18 13:00:00
283,91,https://example.com/images/img_283.jpg,images/img_283.jpg,2026-05-04 14:00:00
284,359,https://example.com/images/img_284.jpg,images/img_284.jpg,2026-05-15 11:00:00
285,13,https://example.com/images/img_285.jpg,images/img_285.jpg,2026-05-12 14:00:00
286,2,https://example.com/images/img_286.jpg,images/img_286.jpg,2026-05-12 16:00:00
287,351,https://example.com/images/img_287.jpg,images/img_287.jpg,2026-05-05 22:00:00
288,491,https://example.com/images/img_288.jpg,images/img_288.jpg,2026-05-12 10:00:00
289,377,https://example.com/images/img_289.jpg,images/img_289.jpg,2026-05-16 08:00:00
290,486,https://example.com/images/img_290.jpg,images/img_290.jpg,2026-05-09 13:00:00
291,1,https://example.com/images/img_291.jpg,images/img_291.jpg,2026-05-19 15:00:00
292,498,https://example.com/images/img_292.jpg,images/img_292.jpg,2026-05-08 07:00:00
293,325,https://example.com/images/img_293.jpg,images/img_293.jpg,2026-05-20 17:00:00
294,22,https://example.com/images/img_294.jpg,images/img_294.jpg,2026-05-03 06:00:00
295,87,https://example.com/images/img_295.jpg,images/img_295.jpg,2026-05-08 02:00:00
296,349,https://example.com/images/img_296.jpg,images/img_296.jpg,2026-05-03 09:00:00
297,326,https://example.com/images/img_297.jpg,images/img_297.jpg,2026-05-08 20:00:00
298,442,https://example.com/images/img_298.jpg,images/img_298.jpg,2026-05-09 13:00:00
299,38,https://example.com/images/img_299.jpg,images/img_299.jpg,2026-05-02 12:00:00
300,252,https://example.com/images/img_300.jpg,images/img_300.jpg,2026-05-19 20:00:00
301,31,https://example.com/images/img_301.jpg,images/img_301.jpg,2026-05-05 09:00:00
302,110,https://example.com/images/img_302.jpg,images/img_302.jpg,2026-05-04 23:00:00
303,143,https://example.com/images/img_303.jpg,images/img_303.jpg,2026-05-21 05:00:00
304,369,https://example.com/images/img_304.jpg,images/img_304.jpg,2026-05-19 06:00:00
305,416,https://example.com/images/img_305.jpg,images/img_305.jpg,2026-05-11 00:00:00
306,316,https://example.com/images/img_306.jpg,images/img_306.jpg,2026-05-14 03:00:00
307,240,https://example.com/images/img_307.jpg,images/img_307.jpg,2026-05-02 17:00:00
308,220,https://example.com/images/img_308.jpg,images/img_308.jpg,2026-05-10 00:00:00
309,14,https://example.com/images/img_309.jpg,images/img_309.jpg,2026-05-15 06:00:00
310,58,https://example.com/images/img_310.jpg,images/img_310.jpg,2026-05-06 14:00:00
311,287,https://example.com/images/img_311.jpg,images/img_311.jpg,2026-05-06 20:00:00
312,294,https://example.com/images/img_312.jpg,images/img_312.jpg,2026-05-17 10:00:00
313,339,https://example.com/images/img_313.jpg,images/img_313.jpg,2026-05-21 17:00:00
314,243,https://example.com/images/img_314.jpg,images/img_314.jpg,2026-05-14 15:00:00
315,49,https://example.com/images/img_315.jpg,images/img_315.jpg,2026-05-16 01:00:00
316,22,https://example.com/images/img_316.jpg,images/img_316.jpg,2026-05-13 17:00:00
317,264,https://example.com/images/img_317.jpg,images/img_317.jpg,2026-05-12 18:00:00
318,132,https://example.com/images/img_318.jpg,images/img_318.jpg,2026-05-13 22:00:00
319,237,https://example.com/images/img_319.jpg,images/img_319.jpg,2026-05-13 19:00:00
320,332,https://example.com/images/img_320.jpg,images/img_320.jpg,2026-05-18 03:00:00
321,429,https://example.com/images/img_321.jpg,images/img_321.jpg,2026-05-14 12:00:00
322,264,https://example.com/images/img_322.jpg,images/img_322.jpg,2026-05-13 14:00:00
323,56,https://example.com/images/img_323.jpg,images/img_323.jpg,2026-05-11 05:00:00
324,230,https://example.com/images/img_324.jpg,images/img_324.jpg,2026-05-07 10:00:00
325,132,https://example.com/images/img_325.jpg,images/img_325.jpg,2026-05-05 05:00:00
326,131,https://example.com/images/img_326.jpg,images/img_326.jpg,2026-05-19 21:00:00
327,211,https://example.com/images/img_327.jpg,images/img_327.jpg,2026-05-17 00:00:00
328,418,https://example.com/images/img_328.jpg,images/img_328.jpg,2026-05-11 08:00:00
329,494,https://example.com/images/img_329.jpg,images/img_329.jpg,2026-05-02 11:00:00
330,279,https://example.com/images/img_330.jpg,images/img_330.jpg,2026-05-16 02:00:00
331,174,https://example.com/images/img_331.jpg,images/img_331.jpg,2026-05-04 06:00:00
332,302,https://example.com/images/img_332.jpg,images/img_332.jpg,2026-05-01 04:00:00
333,27,https://example.com/images/img_333.jpg,images/img_333.jpg,2026-05-08 06:00:00
334,85,https://example.com/images/img_334.jpg,images/img_334.jpg,2026-05-21 10:00:00
335,152,https://example.com/images/img_335.jpg,images/img_335.jpg,2026-05-19 08:00:00
336,159,https://example.com/images/img_336.jpg,images/img_336.jpg,2026-05-18 09:00:00
337,492,https://example.com/images/img_337.jpg,images/img_337.jpg,2026-05-19 15:00:00
338,349,https://example.com/images/img_338.jpg,images/img_338.jpg,2026-05-10 14:00:00
339,281,https://example.com/images/img_339.jpg,images/img_339.jpg,2026-05-10 16:00:00
340,40,https://example.com/images/img_340.jpg,images/img_340.jpg,2026-05-07 01:00:00
341,205,https://example.com/images/img_341.jpg,images/img_341.jpg,2026-05-12 19:00:00
342,469,https://example.com/images/img_342.jpg,images/img_342.jpg,2026-05-17 11:00:00
343,408,https://example.com/images/img_343.jpg,images/img_343.jpg,2026-05-07 11:00:00
344,207,https://example.com/images/img_344.jpg,images/img_344.jpg,2026-05-02 05:00:00
345,155,https://example.com/images/img_345.jpg,images/img_345.jpg,2026-05-06 05:00:00
346,363,https://example.com/images/img_346.jpg,images/img_346.jpg,2026-05-06 17:00:00
347,419,https://example.com/images/img_347.jpg,images/img_347.jpg,2026-05-07 02:00:00
348,360,https://example.com/images/img_348.jpg,images/img_348.jpg,2026-05-18 10:00:00
349,312,https://example.com/images/img_349.jpg,images/img_349.jpg,2026-05-08 14:00:00
350,214,https://example.com/images/img_350.jpg,images/img_350.jpg,2026-05-08 10:00:00
351,448,https://example.com/images/img_351.jpg,images/img_351.jpg,2026-05-16 03:00:00
352,325,https://example.com/images/img_352.jpg,images/img_352.jpg,2026-05-10 02:00:00
353,116,https://example.com/images/img_353.jpg,images/img_353.jpg,2026-05-02 08:00:00
354,248,https://example.com/images/img_354.jpg,images/img_354.jpg,2026-05-16 22:00:00
355,283,https://example.com/images/img_355.jpg,images/img_355.jpg,2026-05-05 07:00:00
356,186,https://example.com/images/img_356.jpg,images/img_356.jpg,2026-05-16 05:00:00
357,362,https://example.com/images/img_357.jpg,images/img_357.jpg,2026-05-11 09:00:00
358,244,https://example.com/images/img_358.jpg,images/img_358.jpg,2026-05-07 18:00:00
359,386,https://example.com/images/img_359.jpg,images/img_359.jpg,2026-05-13 01:00:00
360,5,https://example.com/images/img_360.jpg,images/img_360.jpg,2026-05-13 08:00:00
361,306,https://example.com/images/img_361.jpg,images/img_361.jpg,2026-05-04 05:00:00
362,201,https://example.com/images/img_362.jpg,images/img_362.jpg,2026-05-06 02:00:00
363,292,https://example.com/images/img_363.jpg,images/img_363.jpg,2026-05-17 23:00:00
364,256,https://example.com/images/img_364.jpg,images/img_364.jpg,2026-05-13 06:00:00
365,233,https://example.com/images/img_365.jpg,images/img_365.jpg,2026-05-16 20:00:00
366,415,https://example.com/images/img_366.jpg,images/img_366.jpg,2026-05-14 12:00:00
367,32,https://example.com/images/img_367.jpg,images/img_367.jpg,2026-05-17 06:00:00
368,306,https://example.com/images/img_368.jpg,images/img_368.jpg,2026-05-19 02:00:00
369,249,https://example.com/images/img_369.jpg,images/img_369.jpg,2026-05-17 02:00:00
370,15,https://example.com/images/img_370.jpg,images/img_370.jpg,2026-05-16 15:00:00
371,178,https://example.com/images/img_371.jpg,images/img_371.jpg,2026-05-15 21:00:00
372,329,https://example.com/images/img_372.jpg,images/img_372.jpg,2026-05-11 23:00:00
373,91,https://example.com/images/img_373.jpg,images/img_373.jpg,2026-05-01 23:00:00
374,370,https://example.com/images/img_374.jpg,images/img_374.jpg,2026-05-17 16:00:00
375,320,https://example.com/images/img_375.jpg,images/img_375.jpg,2026-05-11 19:00:00
376,480,https://example.com/images/img_376.jpg,images/img_376.jpg,2026-05-17 04:00:00
377,183,https://example.com/images/img_377.jpg,images/img_377.jpg,2026-05-01 14:00:00
378,165,https://example.com/images/img_378.jpg,images/img_378.jpg,2026-05-13 23:00:00
379,172,https://example.com/images/img_379.jpg,images/img_379.jpg,2026-05-20 03:00:00
380,409,https://example.com/images/img_380.jpg,images/img_380.jpg,2026-05-14 17:00:00
381,84,https://example.com/images/img_381.jpg,images/img_381.jpg,2026-05-12 20:00:00
382,304,https://example.com/images/img_382.jpg,images/img_382.jpg,2026-05-16 22:00:00
383,197,https://example.com/images/img_383.jpg,images/img_383.jpg,2026-05-19 23:00:00
384,392,https://example.com/images/img_384.jpg,images/img_384.jpg,2026-05-19 04:00:00
385,69,https://example.com/images/img_385.jpg,images/img_385.jpg,2026-05-10 05:00:00
386,360,https://example.com/images/img_386.jpg,images/img_386.jpg,2026-05-10 10:00:00
387,170,https://example.com/images/img_387.jpg,images/img_387.jpg,2026-05-11 17:00:00
388,240,https://example.com/images/img_388.jpg,images/img_388.jpg,2026-05-15 08:00:00
389,115,https://example.com/images/img_389.jpg,images/img_389.jpg,2026-05-16 16:00:00
390,462,https://example.com/images/img_390.jpg,images/img_390.jpg,2026-05-18 18:00:00
391,188,https://example.com/images/img_391.jpg,images/img_391.jpg,2026-05-04 04:00:00
392,192,https://example.com/images/img_392.jpg,images/img_392.jpg,2026-05-04 15:00:00
393,148,https://example.com/images/img_393.jpg,images/img_393.jpg,2026-05-15 01:00:00
394,358,https://example.com/images/img_394.jpg,images/img_394.jpg,2026-05-03 18:00:00
395,397,https://example.com/images/img_395.jpg,images/img_395.jpg,2026-05-14 11:00:00
396,130,https://example.com/images/img_396.jpg,images/img_396.jpg,2026-05-18 01:00:00
397,483,https://example.com/images/img_397.jpg,images/img_397.jpg,2026-05-02 10:00:00
398,268,https://example.com/images/img_398.jpg,images/img_398.jpg,2026-05-13 18:00:00
399,194,https://example.com/images/img_399.jpg,images/img_399.jpg,2026-05-20 20:00:00
400,186,https://example.com/images/img_400.jpg,images/img_400.jpg,2026-05-13 09:00:00
401,453,https://example.com/images/img_401.jpg,images/img_401.jpg,2026-05-15 10:00:00
402,433,https://example.com/images/img_402.jpg,images/img_402.jpg,2026-05-16 19:00:00
403,257,https://example.com/images/img_403.jpg,images/img_403.jpg,2026-05-18 20:00:00
404,287,https://example.com/images/img_404.jpg,images/img_404.jpg,2026-05-21 17:00:00
405,182,https://example.com/images/img_405.jpg,images/img_405.jpg,2026-05-17 01:00:00
406,367,https://example.com/images/img_406.jpg,images/img_406.jpg,2026-05-11 03:00:00
407,190,https://example.com/images/img_407.jpg,images/img_407.jpg,2026-05-15 02:00:00
408,383,https://example.com/images/img_408.jpg,images/img_408.jpg,2026-05-03 01:00:00
409,276,https://example.com/images/img_409.jpg,images/img_409.jpg,2026-05-15 16:00:00
410,190,https://example.com/images/img_410.jpg,images/img_410.jpg,2026-05-07 20:00:00
411,470,https://example.com/images/img_411.jpg,images/img_411.jpg,2026-05-10 01:00:00
412,267,https://example.com/images/img_412.jpg,images/img_412.jpg,2026-05-02 22:00:00
413,26,https://example.com/images/img_413.jpg,images/img_413.jpg,2026-05-16 08:00:00
414,489,https://example.com/images/img_414.jpg,images/img_414.jpg,2026-05-08 23:00:00
415,241,https://example.com/images/img_415.jpg,images/img_415.jpg,2026-05-16 20:00:00
416,72,https://example.com/images/img_416.jpg,images/img_416.jpg,2026-05-20 01:00:00
417,374,https://example.com/images/img_417.jpg,images/img_417.jpg,2026-05-18 10:00:00
418,151,https://example.com/images/img_418.jpg,images/img_418.jpg,2026-05-16 18:00:00
419,67,https://example.com/images/img_419.jpg,images/img_419.jpg,2026-05-02 00:00:00
420,291,https://example.com/images/img_420.jpg,images/img_420.jpg,2026-05-10 21:00:00
421,36,https://example.com/images/img_421.jpg,images/img_421.jpg,2026-05-12 19:00:00
422,372,https://example.com/images/img_422.jpg,images/img_422.jpg,2026-05-19 13:00:00
423,296,https://example.com/images/img_423.jpg,images/img_423.jpg,2026-05-08 08:00:00
424,311,https://example.com/images/img_424.jpg,images/img_424.jpg,2026-05-19 17:00:00
425,337,https://example.com/images/img_425.jpg,images/img_425.jpg,2026-05-02 08:00:00
426,412,https://example.com/images/img_426.jpg,images/img_426.jpg,2026-05-15 23:00:00
427,173,https://example.com/images/img_427.jpg,images/img_427.jpg,2026-05-07 19:00:00
428,116,https://example.com/images/img_428.jpg,images/img_428.jpg,2026-05-20 14:00:00
429,371,https://example.com/images/img_429.jpg,images/img_429.jpg,2026-05-04 07:00:00
430,386,https://example.com/images/img_430.jpg,images/img_430.jpg,2026-05-11 10:00:00
431,406,https://example.com/images/img_431.jpg,images/img_431.jpg,2026-05-02 02:00:00
432,1,https://example.com/images/img_432.jpg,images/img_432.jpg,2026-05-12 21:00:00
433,482,https://example.com/images/img_433.jpg,images/img_433.jpg,2026-05-20 06:00:00
434,99,https://example.com/images/img_434.jpg,images/img_434.jpg,2026-05-19 20:00:00
435,344,https://example.com/images/img_435.jpg,images/img_435.jpg,2026-05-13 17:00:00
436,63,https://example.com/images/img_436.jpg,images/img_436.jpg,2026-05-06 03:00:00
437,25,https://example.com/images/img_437.jpg,images/img_437.jpg,2026-05-12 11:00:00
438,443,https://example.com/images/img_438.jpg,images/img_438.jpg,2026-05-05 07:00:00
439,444,https://example.com/images/img_439.jpg,images/img_439.jpg,2026-05-21 18:00:00
440,296,https://example.com/images/img_440.jpg,images/img_440.jpg,2026-05-06 09:00:00
441,442,https://example.com/images/img_441.jpg,images/img_441.jpg,2026-05-09 15:00:00
442,143,https://example.com/images/img_442.jpg,images/img_442.jpg,2026-05-12 15:00:00
443,307,https://example.com/images/img_443.jpg,images/img_443.jpg,2026-05-11 22:00:00
444,431,https://example.com/images/img_444.jpg,images/img_444.jpg,2026-05-04 05:00:00
445,313,https://example.com/images/img_445.jpg,images/img_445.jpg,2026-05-01 22:00:00
446,44,https://example.com/images/img_446.jpg,images/img_446.jpg,2026-05-20 01:00:00
447,93,https://example.com/images/img_447.jpg,images/img_447.jpg,2026-05-18 01:00:00
448,474,https://example.com/images/img_448.jpg,images/img_448.jpg,2026-05-19 01:00:00
449,236,https://example.com/images/img_449.jpg,images/img_449.jpg,2026-05-02 20:00:00
450,205,https://example.com/images/img_450.jpg,images/img_450.jpg,2026-05-09 20:00:00
451,137,https://example.com/images/img_451.jpg,images/img_451.jpg,2026-05-01 06:00:00
452,254,https://example.com/images/img_452.jpg,images/img_452.jpg,2026-05-07 12:00:00
453,178,https://example.com/images/img_453.jpg,images/img_453.jpg,2026-05-07 10:00:00
454,384,https://example.com/images/img_454.jpg,images/img_454.jpg,2026-05-14 04:00:00
455,169,https://example.com/images/img_455.jpg,images/img_455.jpg,2026-05-19 16:00:00
456,337,https://example.com/images/img_456.jpg,images/img_456.jpg,2026-05-20 02:00:00
457,376,https://example.com/images/img_457.jpg,images/img_457.jpg,2026-05-10 14:00:00
458,244,https://example.com/images/img_458.jpg,images/img_458.jpg,2026-05-02 07:00:00
459,274,https://example.com/images/img_459.jpg,images/img_459.jpg,2026-05-10 20:00:00
460,53,https://example.com/images/img_460.jpg,images/img_460.jpg,2026-05-11 23:00:00
461,247,https://example.com/images/img_461.jpg,images/img_461.jpg,2026-05-20 13:00:00
462,132,https://example.com/images/img_462.jpg,images/img_462.jpg,2026-05-15 09:00:00
463,291,https://example.com/images/img_463.jpg,images/img_463.jpg,2026-05-10 05:00:00
464,51,https://example.com/images/img_464.jpg,images/img_464.jpg,2026-05-09 01:00:00
465,436,https://example.com/images/img_465.jpg,images/img_465.jpg,2026-05-16 01:00:00
466,390,https://example.com/images/img_466.jpg,images/img_466.jpg,2026-05-10 15:00:00
467,36,https://example.com/images/img_467.jpg,images/img_467.jpg,2026-05-04 00:00:00
468,159,https://example.com/images/img_468.jpg,images/img_468.jpg,2026-05-08 08:00:00
469,256,https://example.com/images/img_469.jpg,images/img_469.jpg,2026-05-11 01:00:00
470,313,https://example.com/images/img_470.jpg,images/img_470.jpg,2026-05-19 12:00:00
471,499,https://example.com/images/img_471.jpg,images/img_471.jpg,2026-05-11 21:00:00
472,132,https://example.com/images/img_472.jpg,images/img_472.jpg,2026-05-21 21:00:00
473,152,https://example.com/images/img_473.jpg,images/img_473.jpg,2026-05-16 05:00:00
474,300,https://example.com/images/img_474.jpg,images/img_474.jpg,2026-05-02 16:00:00
475,232,https://example.com/images/img_475.jpg,images/img_475.jpg,2026-05-18 21:00:00
476,391,https://example.com/images/img_476.jpg,images/img_476.jpg,2026-05-05 13:00:00
477,177,https://example.com/images/img_477.jpg,images/img_477.jpg,2026-05-03 13:00:00
478,373,https://example.com/images/img_478.jpg,images/img_478.jpg,2026-05-07 18:00:00
479,495,https://example.com/images/img_479.jpg,images/img_479.jpg,2026-05-10 16:00:00
480,304,https://example.com/images/img_480.jpg,images/img_480.jpg,2026-05-03 10:00:00
481,350,https://example.com/images/img_481.jpg,images/img_481.jpg,2026-05-12 11:00:00
482,386,https://example.com/images/img_482.jpg,images/img_482.jpg,2026-05-13 18:00:00
483,124,https://example.com/images/img_483.jpg,images/img_483.jpg,2026-05-11 17:00:00
484,484,https://example.com/images/img_484.jpg,images/img_484.jpg,2026-05-21 05:00:00
485,397,https://example.com/images/img_485.jpg,images/img_485.jpg,2026-05-02 18:00:00
486,156,https://example.com/images/img_486.jpg,images/img_486.jpg,2026-05-18 17:00:00
487,314,https://example.com/images/img_487.jpg,images/img_487.jpg,2026-05-17 13:00:00
488,60,https://example.com/images/img_488.jpg,images/img_488.jpg,2026-05-20 02:00:00
489,400,https://example.com/images/img_489.jpg,images/img_489.jpg,2026-05-08 05:00:00
490,45,https://example.com/images/img_490.jpg,images/img_490.jpg,2026-05-05 11:00:00
491,368,https://example.com/images/img_491.jpg,images/img_491.jpg,2026-05-04 18:00:00
492,249,https://example.com/images/img_492.jpg,images/img_492.jpg,2026-05-12 08:00:00
493,298,https://example.com/images/img_493.jpg,images/img_493.jpg,2026-05-11 08:00:00
494,319,https://example.com/images/img_494.jpg,images/img_494.jpg,2026-05-13 13:00:00
495,321,https://example.com/images/img_495.jpg,images/img_495.jpg,2026-05-10 20:00:00
496,315,https://example.com/images/img_496.jpg,images/img_496.jpg,2026-05-03 09:00:00
497,433,https://example.com/images/img_497.jpg,images/img_497.jpg,2026-05-17 00:00:00
498,141,https://example.com/images/img_498.jpg,images/img_498.jpg,2026-05-05 01:00:00
499,45,https://example.com/images/img_499.jpg,images/img_499.jpg,2026-05-08 01:00:00
500,261,https://example.com/images/img_500.jpg,images/img_500.jpg,2026-05-01 02:00:00
